:020000040800F2
:10000000800900246D030008F19500081193000891
:10001000E9950008210A000889B5000800000000E1
:10002000000000000000000000000000C99C000863
:10003000C91400080000000069960008299D000806
:100040008B0300088B0300088B0300088B03000858
:100050008B0300088B0300088B0300088B03000848
:100060008B0300088B0300088B030008290A000893
:10007000390A00088B0300088B0300088B03000873
:100080008B0300088B0300088B0300088B03000818
:100090008B0300088B0300088B0300088B03000808
:1000A0008B0300088B0300088B0300088B030008F8
:1000B0008B0300088B0300088B0300088B030008E8
:1000C0008B0300088B0300088B030008119A0008BB
:1000D0008B03000879B500088B0300088B03000828
:1000E0008B0300088B030008000000008B0300084E
:1000F0008B0300088B0300088B0300088B030008A8
:100100008B0300088B0300088B0300088B03000897
:100110008B0300088B0300088B0300088B03000887
:100120008B0300088B0300088B0300088B03000877
:100130008B0300088B0300088B0300088B03000867
:1001400000000000000000000000000000000000AF
:100150008B0300088B0300088B0300088B03000847
:100160008B0300088B0300088B0300088B03000837
:100170008B0300088B0300088B03000800000000BD
:100180008B0300088B0300088B0300088B03000817
:100190008B0300088B0300088B0300088B03000807
:1001A0008B0300088B0300088B030008000000008D
:1001B0008B0300088B0300088B0300088B030008E7
:1001C0008B0300088B030008000000000000000003
:1001D00000000000000000008B0300080000000089
:1001E000000000000000000000000000000000000F
:1001F00000000000000000008B0300088B030008D3
:100200008B0300088B030008000000008B0300082C
:100210008B0300088B0300088B0300088B03000886
:100220008B030008000000008B03000800000000A2
:100230008B0300088B030008000000008B030008FC
:100240008B0300088B0300088B0300088B03000856
:100250008B0300088B0300088B0300088B03000846
:100260008B0300088B0300088B0300088B03000836
:100270008B0300088B0300088B03000800000000BC
:100280008B0300088B0300088B0300088B03000816
:10029000000000008B0300088B0300080000000032
:1002A000000000008B0300088B0300088B0300088C
:1002B00069B500088B0300088B0300088B03000856
:1002C0008B0300088B0300088B03000800F002F882
:1002D00000F03CF80AA090E8000C82448344AAF1A4
:1002E0000107DA4501D100F031F8AFF2090EBAE8A2
:1002F0000F0013F0010F18BFFB1A43F0010318475A
:10030000C0BC0000E0BC0000103A24BF78C878C12F
:10031000FAD8520724BF30C830C144BF04680C600B
:10032000704700000023002400250026103A28BF53
:1003300078C1FBD8520728BF30C148BF0B60704757
:100340001FB50BF007FE1FBD10B510BD00F0FEF885
:100350001146FFF7F5FF0BF0E3FD00F01CF903B4C5
:10036000FFF7F2FF03BC00F023F900000A488047C2
:100370000A4880470A480047FEE7FEE7FEE7FEE737
:10038000FEE7FEE7FEE7FEE7FEE7FEE70548064973
:10039000064A074B70470000D9140008099E000860
:1003A000CD02000880030024800900248005002479
:1003B0008005002453EA020C00F069802DE9F04B1F
:1003C0004FF00006002B1FBFB3FA83F503FA05F4C4
:1003D00024FA05F65E4012BF1643B2FA82F502FA1D
:1003E00005F4C5F120051EBF22FA05FC44EA0C0401
:1003F000203556EA044C4FEA144418BF641C4FF0F1
:1004000000084FF00009904271EB030C39D300292A
:1004100019BFB1FA81F701FA07F6B0FA80F700FACE
:1004200007F6C7F120071EBF20FA07FC46EA0C06B4
:100430002037B6FBF4FCA7EB0507103F07F01F0BB6
:10044000CBF120062CFA06F60CFA0BFB44BFB346A0
:100450000026202FA4BF5E464FF0000B5BEA060C7F
:1004600008BF4FF0010B19EB0B0948EB0608ABFB7B
:10047000027C06FB02CC0BFB03CCC01B71EB0C0116
:10048000C1E70B46024641464846BDE8F08B13B52E
:10049000084318BF4FF0FF300146AFF30080BDE8BE
:1004A0001C40704702F0FF0343EA032242EA024283
:1004B00000F02CB84FF0000200B513469446964663
:1004C000203922BFA0E80C50A0E80C50B1F1200167
:1004D000BFF4F7AF090728BFA0E80C5048BF0CC015
:1004E0005DF804EB890028BF40F8042B08BF704773
:1004F00048BF20F8022B11F0804F18BF00F8012BE5
:1005000070477047704770474FF000020429C0F0F1
:10051000128010F0030C3FF4CFAFCCF1040CBCF10F
:10052000020F18BF00F8012BA8BF20F8022BA1EB87
:100530000C01FFF7C1BF5FEAC17C24BF00F8012BAB
:1005400000F8012B48BF00F8012B7047754600F0FA
:100550002BF8AE4605006946534620F00700854655
:1005600018B020B5FFF712FFBDE820404FF000069D
:100570004FF000074FF000084FF0000BAC46ACE81E
:10058000C009ACE8C009ACE8C009ACE8C00921F07A
:1005900007018D46704710B50446AFF30080204632
:1005A000BDE81040FFF7DBBE004870471000002494
:1005B00001491820ABBEFEE726000200704700008C
:1005C00080B582B00090009848B1FFE70098807A2B
:1005D000C00720B1FFE70098006820B9FFE70020BE
:1005E0008DF8070009E00098006807F069F8B0FA94
:1005F00080F040098DF80700FFE79DF8070002B082
:1006000080BD00000000000080B582B0019001981C
:1006100080B1FFE70198807AC00758B1FFE70198E1
:10062000406838B1FFE7019948680989012204F060
:100630009FFAFFE702B080BD80B582B001900198BB
:1006400080B1FFE70198807AC00758B1FFE70198B1
:10065000406838B1FFE7019948680989002204F031
:1006600087FAFFE702B080BD80B582B000900098A5
:1006700048B1FFE70098807AC00720B1FFE70098F3
:10068000006818B9FFE72020019005E00098006895
:1006900007F01EF90190FFE7019802B080BD00004D
:1006A00080B586B0049003910292ADF806300498AC
:1006B00050B1FFE7039838B1FFE7029820B1FFE798
:1006C000BDF8060020B9FFE700208DF8170016E0FE
:1006D000039804990860029804994860BDF80600E0
:1006E0000499088104980122009282720499486852
:1006F000098904F03DFA00988DF81700FFE79DF88E
:10070000170006B080BD000080B582B00090009850
:1007100048B1FFE70098807AC00720B1FFE7009852
:10072000006820B9FFE700208DF807000AE0009874
:10073000006807F0D5F80138B0FA80F040098DF86C
:100740000700FFE79DF8070002B080BD0000000031
:1007500080B586B0049003910292ADF806300498FB
:1007600098B1FFE70498807AC00770B1FFE704985A
:10077000006850B1FFE7039838B1FFE7029820B155
:10078000FFE7BDF8060020B9FFE700208DF817004D
:100790000DE0049800680399029ABDF8063007F04E
:1007A00087FCB0FA80F040098DF81700FFE79DF84C
:1007B000170006B080BD000083B0019000208DF8C6
:1007C0000300FFE79DF80300062834D8FFE79DF8F3
:1007D000031040F25C30C2F2004050F8210018B320
:1007E000FFE79DF8031040F25C30C2F2004050F881
:1007F0002100407DC007B8B1FFE79DF8031040F22B
:100800005C30C2F2004050F8210000680199884233
:100810000AD1FFE79DF8031040F25C30C2F20040BD
:1008200050F82100029009E0FFE79DF80300013035
:100830008DF80300C6E700200290FFE7029803B09E
:10084000704700000000000010B586B08C46864658
:100850000A9809980899CDF810E0CDF80CC08DF8E9
:100860000B200193ADF802108DF80100049808B335
:10087000FFE70398F0B1FFE79DF80B00012819DCB2
:10088000FFE7019838B1FFE7BDF8020090B1FFE73C
:100890000A9878B1FFE79DF8010006280AD8FFE71B
:1008A0009DF8011040F25C30C2F2004050F8210087
:1008B00020B1FFE700208DF817003DE00398049970
:1008C00008609DF80B0004990871019804998860EC
:1008D000BDF80200049988810499002088730A9960
:1008E000049A11619DF80110049A117504994875D4
:1008F00004989DF8012040F25C31C2F2004141F8B9
:100900002200049800F070F880B9FFE79DF80120FC
:1009100040F25C31C2F20041002041F8220004990B
:100920000860049908618DF8170005E0049901201A
:1009300048758DF81700FFE79DF8170006B010BD49
:1009400080B584B002900191ADF80220029880B188
:10095000FFE70298407DC00758B1FFE702980068A2
:1009600038B1FFE7019840B9FFE7BDF8020020B1B8
:10097000FFE700208DF80F0030E002980079012891
:100980001ED1FFE70298807B20B1FFE700208DF8A1
:100990000F0023E0029901208873029800680199F2
:1009A000BDF8022008F014FC30B1FFE702990020E6
:1009B00088738DF80F0011E001208DF80F000DE015
:1009C000029800680199BDF80220642308F054FBE6
:1009D000B0FA80F040098DF80F00FFE79DF80F0096
:1009E00004B080BD0000000080B582B00090009887
:1009F000806820B9FFE701208DF807000BE0009A1E
:100A000010689168928907F077FDB0FA80F040098C
:100A10008DF80700FFE79DF8070002B080BD0000D9
:100A2000FFE7FEE70000000080B540F23410C2F29C
:100A3000004001F081FD80BD80B540F2BC00C2F2F3
:100A4000004001F079FD80BD83B0029002980168FA
:100A500001201022C4F202029142009000F0A38013
:100A6000FFE70298016801202822C4F202029142A5
:100A7000009000F09880FFE7029801680120402272
:100A8000C4F202029142009000F08D80FFE70298CC
:100A9000016801205822C4F202029142009000F045
:100AA0008280FFE70298016801207022C4F20202EE
:100AB0009142009077D0FFE70298016801208822D8
:100AC000C4F20202914200906DD0FFE702980168E3
:100AD0000120A022C4F202029142009063D0FFE7FD
:100AE000029801680120B822C4F2020291420090EB
:100AF00059D0FFE702980168012040F21042C4F289
:100B00000202914200904ED0FFE702980168012056
:100B100040F22842C4F202029142009043D0FFE723
:100B200002980168012040F24042C4F20202914260
:100B3000009038D0FFE702980168012040F2584247
:100B4000C4F20202914200902DD0FFE702980168A2
:100B5000012040F27042C4F202029142009022D081
:100B6000FFE702980168012040F28842C4F20202C5
:100B70009142009017D0FFE702980168012040F2EF
:100B8000A042C4F20202914200900CD0FFE702980A
:100B900000684FF64831CBF6FD710844B0FA80F09A
:100BA00040090090FFE70098C00740B3FFE70298B4
:100BB000007810384AF6AB21CAF6AA21A0FB011032
:100BC00000090190019800F007014BF67E70C0F615
:100BD0000000405C0299C8650198042807D3FFE72C
:100BE00002990868042262F30900886506E0029908
:100BF000086840F2FF3290438865FFE705E00299FC
:100C0000086820F0FF008865FFE70298806D03B058
:100C1000704700000000000084B003900398006853
:100C2000019003980168012045F20842C5F60202CE
:100C3000914200904ED0FFE703980168012045F2F1
:100C40001C42C5F602029142009043D0FFE7039890
:100C50000168012045F23042C5F60202914200903F
:100C600038D0FFE703980168012045F24442C5F6F9
:100C70000202914200902DD0FFE703980168012005
:100C800045F25842C5F602029142009022D0FFE799
:100C900003980168012045F26C42C5F602029142B8
:100CA000009017D0FFE703980168012045F28042C9
:100CB000C5F60202914200900CD0FFE7039800684D
:100CC0004AF66C31CAF2FD710844B0FA80F040096E
:100CD0000090FFE70098C00710B3FFE70398007883
:100CE00008384CF6CD41CCF6CC41A0FB01100009F0
:100CF0000290029945F60000C5F6020000EB810063
:100D000003990866039945F68000C5F60200486617
:100D1000029800F01F01012088400399886635E0A1
:100D20000398007810384AF6AB21CAF6AA21A0FB36
:100D3000011000090290019840F2B841C4F202018A
:100D400088420CD8FFE7019840F21041C4F202013A
:100D5000884204D3FFE7029808300290FFE7029927
:100D600040F60000C4F2020000EB8100039908661F
:100D7000039940F68000C4F202004866029800F031
:100D80001F010120884003998866FFE704B070477F
:100D900083B002900298007901900198002800F039
:100DA0008A80FFE70198082800F28580FFE7029813
:100DB0000168012045F20842C5F602029142009006
:100DC0004ED0FFE702980168012045F21C42C5F6AB
:100DD00002029142009043D0FFE70298016801208F
:100DE00045F23042C5F602029142009038D0FFE74A
:100DF00002980168012045F24442C5F60202914280
:100E000000902DD0FFE702980168012045F258427A
:100E1000C5F602029142009022D0FFE702980168D5
:100E2000012045F26C42C5F602029142009017D0B3
:100E3000FFE702980168012045F28042C5F60202F0
:100E4000914200900CD0FFE7029800684AF66C319E
:100E5000CAF2FD710844B0FA80F040090090FFE743
:100E60000098C00780B1FFE7019945F6FC00C5F680
:100E7000020000EB81000299C866029945F6401015
:100E8000C5F6020008670FE0019940F6FC00C4F2C5
:100E9000020000EB81000299C866029940F64010FA
:100EA000C4F202000867FFE70198411E0120884054
:100EB00002994867FFE703B0704700000000000098
:100EC00085B0049000208DF80F000498806918BB4D
:100ED000FFE70498806A029003281BD80299DFE894
:100EE00001F0020D0218049890F82F00C00720B1FD
:100EF000FFE701208DF80F00FFE70CE00498C06ABF
:100F0000B0F1C07F04D1FFE701208DF80F00FFE7AB
:100F100001E000E0FFE747E004988069B0F5005F7A
:100F200026D1FFE70498806A019003281ED8019912
:100F3000DFE801F00206021101208DF80F0016E033
:100F4000049890F82F00C00720B1FFE701208DF82A
:100F50000F00FFE70BE00498C06AB0F1C07F04D136
:100F6000FFE701208DF80F00FFE700E0FFE71AE040
:100F70000498806A0090032804D3FFE700980328B0
:100F800004D00EE001208DF80F000BE0049890F8DB
:100F90002F00C00720B1FFE701208DF80F00FFE709
:100FA00000E0FFE7FFE7FFE79DF80F0005B070479F
:100FB00089B008900791069205930898806D049077
:100FC0000898806D03900898016801201022C4F2EF
:100FD00002029142029000F00381FFE70898016845
:100FE00001202822C4F202029142029000F0F8800F
:100FF000FFE70898016801204022C4F202029142F2
:10100000029000F0ED80FFE7089801680120582267
:10101000C4F202029142029000F0E280FFE70898D9
:10102000016801207022C4F202029142029000F095
:10103000D780FFE70898016801208822C4F20202E5
:101040009142029000F0CC80FFE7089801680120EF
:10105000A022C4F202029142029000F0C180FFE798
:10106000089801680120B822C4F20202914202905D
:1010700000F0B680FFE708980168012040F21042B6
:10108000C4F202029142029000F0AA80FFE70898A1
:101090000168012040F22842C4F20202914202900B
:1010A00000F09E80FFE708980168012040F240426E
:1010B000C4F202029142029000F09280FFE7089889
:1010C0000168012040F25842C4F2020291420290AB
:1010D00000F08680FFE708980168012040F2704226
:1010E000C4F20202914202907AD0FFE708980168A8
:1010F000012040F28842C4F20202914202906FD075
:10110000FFE708980168012040F2A042C4F2020201
:101110009142029064D0FFE708980168012040F2F4
:10112000B842C4F202029142029059D0FFE70898F7
:101130000168012045F20842C5F602029142029080
:101140004ED0FFE708980168012045F21C42C5F621
:1011500002029142029043D0FFE708980168012003
:1011600045F23042C5F602029142029038D0FFE7C4
:1011700008980168012045F24442C5F602029142F6
:1011800002902DD0FFE708980168012045F25842EF
:10119000C5F602029142029022D0FFE7089801684A
:1011A000012045F26C42C5F602029142029017D02E
:1011B000FFE708980168012045F28042C5F6020267
:1011C000914202900CD0FFE7089800684AF66C3113
:1011D000CAF2FD710844B0FA80F040090290FFE7BE
:1011E0000298C00770B1FFE70898416E806E4860B2
:1011F0000898C06E28B1FFE70898016F406F4860FB
:10120000FFE7FFE70898016801201022C4F20202FC
:101210009142019000F0A380FFE708980168012047
:101220002822C4F202029142019000F09880FFE768
:101230000898016801204022C4F202029142019004
:1012400000F08D80FFE70898016801205822C4F261
:1012500002029142019000F08280FFE70898016845
:1012600001207022C4F202029142019077D0FFE780
:101270000898016801208822C4F20202914201907C
:101280006DD0FFE7089801680120A022C4F2020295
:101290009142019063D0FFE7089801680120B822CD
:1012A000C4F202029142019059D0FFE70898016808
:1012B000012040F21042C4F20202914201904ED04D
:1012C000FFE708980168012040F22842C4F20202B8
:1012D0009142019043D0FFE708980168012040F255
:1012E0004042C4F202029142019038D0FFE70898D0
:1012F0000168012040F25842C4F20202914201907A
:101300002DD0FFE708980168012040F27042C4F236
:1013100002029142019022D0FFE708980168012063
:1013200040F28842C4F202029142019017D0FFE7D6
:1013300008980168012040F2A042C4F202029142E2
:1013400001900CD0FFE7089800684FF64831CBF6C3
:10135000FD710844B0FA80F040090190FFE7019860
:10136000C00750B3FFE70898C06D00F01F013F2091
:1013700088400499886008980168086820F48020F3
:1013800008600598089909684860089880684028AE
:1013900009D1FFE7069808990968886007980899B5
:1013A0000968C86008E00798089909688860069885
:1013B00008990968C860FFE782E008980168012081
:1013C00045F20842C5F60202914200904ED0FFE776
:1013D00008980168012045F21C42C5F602029142BC
:1013E000009043D0FFE708980168012045F23042A1
:1013F000C5F602029142009038D0FFE708980168D4
:10140000012045F24442C5F60202914200902DD0DF
:10141000FFE708980168012045F25842C5F602022C
:101420009142009022D0FFE708980168012045F220
:101430006C42C5F602029142009017D0FFE708986F
:101440000168012045F28042C5F6020291420090F7
:101450000CD0FFE7089800684AF66C31CAF2FD71BB
:101460000844B0FA80F040090090FFE70098C007F8
:1014700020B3FFE70898C06D00F01F0101208840ED
:101480000399486005980899096848600898806839
:10149000402809D1FFE706980899096888600798ED
:1014A00008990968C86008E0079808990968886081
:1014B000069808990968C860FFE700E0FFE7FFE7C2
:1014C00009B07047000000007047000000000000F5
:1014D00072B6FFE7FEE7000044F60C01C5F6020114
:1014E000086840F002000860FFE744F60400C5F613
:1014F000020000688004002801D4FFE7F5E7704788
:1015000080B58AB0089003F04BFB0490089828B986
:10151000FFE701208DF8270000F0AABC089890F89A
:10152000350002280ED0FFE7089980204865FFE7C4
:101530000899002081F83400FFE701208DF827008A
:1015400000F096BC089800681021C4F2020188429D
:1015500000F08180FFE7089800682821C4F20201AA
:10156000884278D0FFE7089800684021C4F2020161
:10157000884270D0FFE7089800685821C4F2020141
:10158000884268D0FFE7089800687021C4F2020121
:10159000884260D0FFE7089800688821C4F2020101
:1015A000884258D0FFE708980068A021C4F20201E1
:1015B000884250D0FFE708980068B821C4F20201C1
:1015C000884248D0FFE70898006840F21041C4F212
:1015D000020188423FD0FFE70898006840F22841A6
:1015E000C4F20201884236D0FFE70898006840F252
:1015F0004041C4F2020188422DD0FFE708980068FC
:1016000040F25841C4F20201884224D0FFE7089812
:10161000006840F27041C4F2020188421BD0FFE72B
:101620000898006840F28841C4F20201884212D052
:10163000FFE70898006840F2A041C4F20201884226
:1016400009D0FFE70898006840F2B841C4F20201EF
:10165000884207D1FFE708980168086820F0010078
:10166000086006E008980168086820F0010008603A
:10167000FFE70898016801201022C4F2020291429B
:10168000039000F0A380FFE708980168012028225A
:10169000C4F202029142039000F09880FFE708989C
:1016A000016801204022C4F202029142039000F03E
:1016B0008D80FFE70898016801205822C4F20202D9
:1016C0009142039000F08280FFE7089801680120B2
:1016D0007022C4F202029142039077D0FFE708988B
:1016E000016801208822C4F20202914203906DD069
:1016F000FFE7089801680120A022C4F2020291428B
:10170000039063D0FFE7089801680120B822C4F273
:1017100002029142039059D0FFE708980168012026
:1017200040F21042C4F20202914203904ED0FFE711
:1017300008980168012040F22842C4F20202914256
:10174000039043D0FFE708980168012040F240422F
:10175000C4F202029142039038D0FFE70898016872
:10176000012040F25842C4F20202914203902DD06F
:10177000FFE708980168012040F27042C4F20202BB
:101780009142039022D0FFE708980168012040F2BF
:101790008842C4F202029142039017D0FFE70898F2
:1017A0000168012040F2A042C4F20202914203907B
:1017B0000CD0FFE7089800684FF64831CBF6FD7172
:1017C0000844B0FA80F040090390FFE70398C0078F
:1017D00080B1FFE708980168086820F01E000860E3
:1017E00008980168486920F08000486108980068FE
:1017F000059009E008980168086820F00E0008606C
:10180000089800680590FFE70898016801201022F9
:10181000C4F202029142029000F00381FFE70898AF
:10182000016801202822C4F202029142029000F0D5
:10183000F880FFE70898016801204022C4F2020204
:101840009142029000F0ED80FFE7089801680120C6
:101850005822C4F202029142029000F0E280FFE7B7
:101860000898016801207022C4F20202914202909D
:1018700000F0D780FFE70898016801208822C4F2B1
:1018800002029142029000F0CC80FFE708980168C4
:101890000120A022C4F202029142029000F0C18015
:1018A000FFE7089801680120B822C4F202029142C1
:1018B000029000F0B680FFE708980168012040F22E
:1018C0001042C4F202029142029000F0AA80FFE7A7
:1018D00008980168012040F22842C4F202029142B5
:1018E000029000F09E80FFE708980168012040F216
:1018F0004042C4F202029142029000F09280FFE75F
:1019000008980168012040F25842C4F20202914254
:10191000029000F08680FFE708980168012040F2FD
:101920007042C4F20202914202907AD0FFE7089816
:101930000168012040F28842C4F202029142029002
:101940006FD0FFE708980168012040F2A042C4F27E
:1019500002029142029064D0FFE7089801680120DA
:1019600040F2B842C4F202029142029059D0FFE71D
:1019700008980168012045F20842C5F6020291422A
:1019800002904ED0FFE708980168012045F21C4202
:10199000C5F602029142029043D0FFE70898016821
:1019A000012045F23042C5F602029142029038D041
:1019B000FFE708980168012045F24442C5F602029B
:1019C000914202902DD0FFE708980168012045F26E
:1019D0005842C5F602029142029022D0FFE70898D1
:1019E0000168012045F26C42C5F602029142029064
:1019F00017D0FFE708980168012045F28042C5F63C
:101A00000202914202900CD0FFE7089800684AF663
:101A10006C31CAF2FD710844B0FA80F040090290BE
:101A2000FFE70298C00738B1FFE70898016E086821
:101A300020F480700860FFE7FFE705980068C007A2
:101A4000C8B1FFE703F0ACF80499401A062811D397
:101A5000FFE70899202048650899032081F83500A0
:101A6000FFE70899002081F83400FFE701208DF896
:101A70002700FDE1E1E70898016801201022C4F287
:101A800002029142019000F0A380FFE708980168EC
:101A900001202822C4F202029142019000F09880B5
:101AA000FFE70898016801204022C4F20202914237
:101AB000019000F08D80FFE708980168012058220E
:101AC000C4F202029142019000F08280FFE7089880
:101AD000016801207022C4F202029142019077D085
:101AE000FFE70898016801208822C4F202029142AF
:101AF00001906DD0FFE7089801680120A022C4F290
:101B000002029142019063D0FFE70898016801202A
:101B1000B822C4F202029142019059D0FFE708981E
:101B20000168012040F21042C4F202029142019089
:101B30004ED0FFE708980168012040F22842C4F225
:101B400002029142019043D0FFE70898016801200A
:101B500040F24042C4F202029142019038D0FFE7C5
:101B600008980168012040F25842C4F202029142F2
:101B700001902DD0FFE708980168012040F27042E3
:101B8000C4F202029142019022D0FFE70898016856
:101B9000012040F28842C4F202029142019017D023
:101BA000FFE708980168012040F2A042C4F2020257
:101BB000914201900CD0FFE7089800684FF6483139
:101BC000CBF6FD710844B0FA80F040090190FFE7C0
:101BD0000198C00760B1FFE70898806D07900898EA
:101BE000C06D00F01F013F208840079988600BE01E
:101BF0000898806D06900898C06D00F01F010120C4
:101C0000884006994860FFE7089801680120102283
:101C1000C4F202029142009000F00381FFE70898AD
:101C2000016801202822C4F202029142009000F0D3
:101C3000F880FFE70898016801204022C4F2020200
:101C40009142009000F0ED80FFE7089801680120C4
:101C50005822C4F202029142009000F0E280FFE7B5
:101C60000898016801207022C4F20202914200909B
:101C700000F0D780FFE70898016801208822C4F2AD
:101C800002029142009000F0CC80FFE708980168C2
:101C90000120A022C4F202029142009000F0C18013
:101CA000FFE7089801680120B822C4F202029142BD
:101CB000009000F0B680FFE708980168012040F22C
:101CC0001042C4F202029142009000F0AA80FFE7A5
:101CD00008980168012040F22842C4F202029142B1
:101CE000009000F09E80FFE708980168012040F214
:101CF0004042C4F202029142009000F09280FFE75D
:101D000008980168012040F25842C4F20202914250
:101D1000009000F08680FFE708980168012040F2FB
:101D20007042C4F20202914200907AD0FFE7089814
:101D30000168012040F28842C4F202029142009000
:101D40006FD0FFE708980168012040F2A042C4F27A
:101D500002029142009064D0FFE7089801680120D8
:101D600040F2B842C4F202029142009059D0FFE71B
:101D700008980168012045F20842C5F60202914226
:101D800000904ED0FFE708980168012045F21C4200
:101D9000C5F602029142009043D0FFE7089801681F
:101DA000012045F23042C5F602029142009038D03F
:101DB000FFE708980168012045F24442C5F6020297
:101DC000914200902DD0FFE708980168012045F26C
:101DD0005842C5F602029142009022D0FFE70898CF
:101DE0000168012045F26C42C5F602029142009062
:101DF00017D0FFE708980168012045F28042C5F638
:101E00000202914200900CD0FFE7089800684AF661
:101E10006C31CAF2FD710844B0FA80F040090090BC
:101E2000FFE70098C007A0B1FFE70898416E806EF9
:101E300048600898C06E58B1FFE70898C16E0868FE
:101E400020F4807008600898016F406F4860FFE7D9
:101E5000FFE70899012081F83500FFE70899002085
:101E600081F83400FFE7FFE700208DF82700FFE747
:101E70009DF827000AB080BD80B586B00490049814
:101E800020B9FFE701208DF8170046E3049890F889
:101E90003500022807D0FFE704998020486501201B
:101EA0008DF8170039E30498016801201022C4F26C
:101EB00002029142029000F0A380FFE704980168BB
:101EC00001202822C4F202029142029000F0988080
:101ED000FFE70498016801204022C4F20202914207
:101EE000029000F08D80FFE70498016801205822DD
:101EF000C4F202029142029000F08280FFE704984F
:101F0000016801207022C4F202029142029077D04F
:101F1000FFE70498016801208822C4F2020291427E
:101F200002906DD0FFE7049801680120A022C4F25E
:101F300002029142029063D0FFE7049801680120F9
:101F4000B822C4F202029142029059D0FFE70498ED
:101F50000168012040F21042C4F202029142029054
:101F60004ED0FFE704980168012040F22842C4F2F5
:101F700002029142029043D0FFE7049801680120D9
:101F800040F24042C4F202029142029038D0FFE790
:101F900004980168012040F25842C4F202029142C2
:101FA00002902DD0FFE704980168012040F27042B2
:101FB000C4F202029142029022D0FFE70498016825
:101FC000012040F28842C4F202029142029017D0EE
:101FD000FFE704980168012040F2A042C4F2020227
:101FE000914202900CD0FFE7049800684FF6483108
:101FF000CBF6FD710844B0FA80F040090290FFE78B
:102000000298C007002800F09D80FFE70499042093
:1020100081F83500049800681021C4F2020188425A
:1020200000F08180FFE7049800682821C4F20201D3
:10203000884278D0FFE7049800684021C4F202018A
:10204000884270D0FFE7049800685821C4F202016A
:10205000884268D0FFE7049800687021C4F202014A
:10206000884260D0FFE7049800688821C4F202012A
:10207000884258D0FFE704980068A021C4F202010A
:10208000884250D0FFE704980068B821C4F20201EA
:10209000884248D0FFE70498006840F21041C4F23B
:1020A000020188423FD0FFE70498006840F22841CF
:1020B000C4F20201884236D0FFE70498006840F27B
:1020C0004041C4F2020188422DD0FFE70498006825
:1020D00040F25841C4F20201884224D0FFE704983C
:1020E000006840F27041C4F2020188421BD0FFE751
:1020F0000498006840F28841C4F20201884212D07C
:10210000FFE70498006840F2A041C4F2020188424F
:1021100009D0FFE70498006840F2B841C4F2020118
:10212000884207D1FFE704980168086820F00100A1
:10213000086006E004980168086820F00100086063
:10214000FFE7E5E1049800681021C4F2020188422B
:1021500000F08180FFE7049800682821C4F20201A2
:10216000884278D0FFE7049800684021C4F2020159
:10217000884270D0FFE7049800685821C4F2020139
:10218000884268D0FFE7049800687021C4F2020119
:10219000884260D0FFE7049800688821C4F20201F9
:1021A000884258D0FFE704980068A021C4F20201D9
:1021B000884250D0FFE704980068B821C4F20201B9
:1021C000884248D0FFE70498006840F21041C4F20A
:1021D000020188423FD0FFE70498006840F228419E
:1021E000C4F20201884236D0FFE70498006840F24A
:1021F0004041C4F2020188422DD0FFE704980068F4
:1022000040F25841C4F20201884224D0FFE704980A
:10221000006840F27041C4F2020188421BD0FFE71F
:102220000498006840F28841C4F20201884212D04A
:10223000FFE70498006840F2A041C4F2020188421E
:1022400009D0FFE70498006840F2B841C4F20201E7
:10225000884207D1FFE704980168086820F0010070
:10226000086006E004980168086820F00100086032
:10227000FFE704980168086820F00E0008600498E1
:10228000016801201022C4F202029142019000F084
:102290000381FFE70498016801202822C4F20202AA
:1022A0009142019000F0F880FFE704980168012056
:1022B0004022C4F202029142019000F0ED80FFE75B
:1022C0000498016801205822C4F202029142019050
:1022D00000F0E280FFE70498016801207022C4F258
:1022E00002029142019000F0D780FFE70498016854
:1022F00001208822C4F202029142019000F0CC80B9
:10230000FFE7049801680120A022C4F20202914272
:10231000019000F0C180FFE7049801680120B82215
:10232000C4F202029142019000F0B680FFE70498E7
:102330000168012040F21042C4F202029142019071
:1023400000F0AA80FFE704980168012040F22842CB
:10235000C4F202029142019000F09E80FFE70498CF
:102360000168012040F24042C4F202029142019011
:1023700000F09280FFE704980168012040F2584283
:10238000C4F202029142019000F08680FFE70498B7
:102390000168012040F27042C4F2020291420190B1
:1023A0007AD0FFE704980168012040F28842C4F225
:1023B0000202914201906FD0FFE70498016801206A
:1023C00040F2A042C4F202029142019064D0FFE7C1
:1023D00004980168012040F2B842C4F2020291421E
:1023E000019059D0FFE704980168012045F20842A6
:1023F000C5F60202914201904ED0FFE704980168B1
:10240000012045F21C42C5F602029142019043D0E0
:10241000FFE704980168012045F23042C5F6020248
:102420009142019038D0FFE704980168012045F2FD
:102430004442C5F60202914201902DD0FFE7049874
:102440000168012045F25842C5F60202914201900E
:1024500022D0FFE704980168012045F26C42C5F6DE
:1024600002029142019017D0FFE704980168012011
:1024700045F28042C5F60202914201900CD0FFE77E
:10248000049800684AF66C31CAF2FD710844B0FA4B
:1024900080F040090190FFE70198C00728B3FFE7EB
:1024A0000498016E086820F4807008600498806DBC
:1024B00003900498C06D00F01F010120884003992B
:1024C00048600498416E806E48600498C06E58B1B0
:1024D000FFE70498C16E086820F4807008600498D3
:1024E000016F406F4860FFE7FFE70499012081F822
:1024F0003500FFE70499002081F83400FFE70498D5
:10250000006D20B1FFE70498016D8847FFE7FFE702
:10251000FFE700208DF81700FFE79DF8170006B0D1
:1025200080BD00000000000081B000900098406D68
:1025300001B070470000000080B590B00F900020FF
:102540000B9040F20000C2F20040006848F2B51162
:10255000C1F64E31A0FB0110800A0A900F98806DE1
:1025600009900F98806D0890099800680E9008985F
:1025700000680D900F98016801201022C4F2020239
:102580009142079000F0A380FFE70F9801680120B7
:102590002822C4F202029142079000F09880FFE7DF
:1025A0000F98016801204022C4F202029142079074
:1025B00000F08D80FFE70F98016801205822C4F2D7
:1025C00002029142079000F08280FFE70F980168B5
:1025D00001207022C4F202029142079077D0FFE7F7
:1025E0000F98016801208822C4F2020291420790EC
:1025F0006DD0FFE70F9801680120A022C4F202020B
:102600009142079063D0FFE70F9801680120B8223C
:10261000C4F202029142079059D0FFE70F98016877
:10262000012040F21042C4F20202914207904ED0C3
:10263000FFE70F980168012040F22842C4F202022D
:102640009142079043D0FFE70F980168012040F2C4
:102650004042C4F202029142079038D0FFE70F983F
:102660000168012040F25842C4F2020291420790F0
:102670002DD0FFE70F980168012040F27042C4F2AC
:1026800002029142079022D0FFE70F9801680120D3
:1026900040F28842C4F202029142079017D0FFE74D
:1026A0000F980168012040F2A042C4F20202914258
:1026B00007900CD0FFE70F9800684FF64831CBF633
:1026C000FD710844B0FA80F040090790FFE70798D1
:1026D000C007002800F01385FFE70E980F99C96D19
:1026E00001F01F01C8400007002840F1B080FFE75B
:1026F0000F9800681021C4F20201884200F0818026
:10270000FFE70F9800682821C4F20201884278D0C0
:10271000FFE70F9800684021C4F20201884270D0A0
:10272000FFE70F9800685821C4F20201884268D080
:10273000FFE70F9800687021C4F20201884260D060
:10274000FFE70F9800688821C4F20201884258D040
:10275000FFE70F980068A021C4F20201884250D020
:10276000FFE70F980068B821C4F20201884248D000
:10277000FFE70F98006840F21041C4F2020188425E
:102780003FD0FFE70F98006840F22841C4F20201F1
:10279000884236D0FFE70F98006840F24041C4F20B
:1027A000020188422DD0FFE70F98006840F258419F
:1027B000C4F20201884224D0FFE70F98006840F27B
:1027C0007041C4F2020188421BD0FFE70F980068F5
:1027D00040F28841C4F20201884212D0FFE70F980C
:1027E000006840F2A041C4F20201884209D0FFE72C
:1027F0000F98006840F2B841C4F20201884207D144
:10280000FFE70F980068006800F00400069006E0FB
:102810000F980068006800F008000690FFE706982F
:10282000A0B1FFE70F980168086820F00400086075
:102830000F98C06D00F01F0108208840099988603A
:102840000F99486D40F001004865FFE7FFE70E98DB
:102850000F99C96D01F01F01C840C007002800F0A2
:10286000A980FFE70F9800681021C4F20201884296
:1028700000F08180FFE70F9800682821C4F2020170
:10288000884278D0FFE70F9800684021C4F2020127
:10289000884270D0FFE70F9800685821C4F2020107
:1028A000884268D0FFE70F9800687021C4F20201E7
:1028B000884260D0FFE70F9800688821C4F20201C7
:1028C000884258D0FFE70F980068A021C4F20201A7
:1028D000884250D0FFE70F980068B821C4F2020187
:1028E000884248D0FFE70F98006840F21041C4F2D8
:1028F000020188423FD0FFE70F98006840F228416C
:10290000C4F20201884236D0FFE70F98006840F217
:102910004041C4F2020188422DD0FFE70F980068C1
:1029200040F25841C4F20201884224D0FFE70F98D8
:10293000006840F27041C4F2020188421BD0FFE7F8
:102940000F98006840F28841C4F20201884212D018
:10295000FFE70F98006840F2A041C4F202018842EC
:1029600009D0FFE70F98006840F2B841C4F20201B5
:10297000884207D1FFE70F980068406900F08000A7
:10298000059005E00F980068006800200590FFE7BB
:10299000059870B1FFE70F98C06D00F01F0101208E
:1029A0008840099988600F99486D40F00200486599
:1029B000FFE7FFE70E980F99C96D01F01F01C840AE
:1029C0004007002840F1A980FFE70F980068102118
:1029D000C4F20201884200F08180FFE70F9800688E
:1029E0002821C4F20201884278D0FFE70F980068DE
:1029F0004021C4F20201884270D0FFE70F980068BE
:102A00005821C4F20201884268D0FFE70F9800689D
:102A10007021C4F20201884260D0FFE70F9800687D
:102A20008821C4F20201884258D0FFE70F9800685D
:102A3000A021C4F20201884250D0FFE70F9800683D
:102A4000B821C4F20201884248D0FFE70F9800681D
:102A500040F21041C4F2020188423FD0FFE70F98D4
:102A6000006840F22841C4F20201884236D0FFE7F4
:102A70000F98006840F24041C4F2020188422DD014
:102A8000FFE70F98006840F25841C4F20201884203
:102A900024D0FFE70F98006840F27041C4F20201B1
:102AA00088421BD0FFE70F98006840F28841C4F2CB
:102AB0000201884212D0FFE70F98006840F2A0415F
:102AC000C4F20201884209D0FFE70F98006840F283
:102AD000B841C4F20201884207D1FFE70F980068AD
:102AE000006800F00200049005E00F98006800689C
:102AF00000200490FFE7049870B1FFE70F98C06DC5
:102B000000F01F0104208840099988600F99486DE2
:102B100040F004004865FFE7FFE70E980F99C96D84
:102B200001F01F01C840C006002840F1DE80FFE729
:102B30000F9800681021C4F20201884200F08180E1
:102B4000FFE70F9800682821C4F20201884278D07C
:102B5000FFE70F9800684021C4F20201884270D05C
:102B6000FFE70F9800685821C4F20201884268D03C
:102B7000FFE70F9800687021C4F20201884260D01C
:102B8000FFE70F9800688821C4F20201884258D0FC
:102B9000FFE70F980068A021C4F20201884250D0DC
:102BA000FFE70F980068B821C4F20201884248D0BC
:102BB000FFE70F98006840F21041C4F2020188421A
:102BC0003FD0FFE70F98006840F22841C4F20201AD
:102BD000884236D0FFE70F98006840F24041C4F2C7
:102BE000020188422DD0FFE70F98006840F258415B
:102BF000C4F20201884224D0FFE70F98006840F237
:102C00007041C4F2020188421BD0FFE70F980068B0
:102C100040F28841C4F20201884212D0FFE70F98C7
:102C2000006840F2A041C4F20201884209D0FFE7E7
:102C30000F98006840F2B841C4F20201884207D1FF
:102C4000FFE70F980068006800F00800039006E0B6
:102C50000F980068006800F004000390FFE70398F5
:102C6000002841D0FFE70F98C06D00F01F01102031
:102C70008840099988600F98006800684003002820
:102C80001AD5FFE70F98006800680003002809D4F0
:102C9000FFE70F98006C20B1FFE70F98016C8847A1
:102CA000FFE708E00F98806C20B1FFE70F98816C78
:102CB0008847FFE7FFE716E00F9800680068C00547
:102CC000002807D4FFE70F980168086820F0080083
:102CD0000860FFE70F98006C20B1FFE70F98016CC8
:102CE0008847FFE7FFE7FFE7FFE70E980F99C96DF9
:102CF00001F01F01C8408006002840F12681FFE74F
:102D00000F9800681021C4F20201884200F081800F
:102D1000FFE70F9800682821C4F20201884278D0AA
:102D2000FFE70F9800684021C4F20201884270D08A
:102D3000FFE70F9800685821C4F20201884268D06A
:102D4000FFE70F9800687021C4F20201884260D04A
:102D5000FFE70F9800688821C4F20201884258D02A
:102D6000FFE70F980068A021C4F20201884250D00A
:102D7000FFE70F980068B821C4F20201884248D0EA
:102D8000FFE70F98006840F21041C4F20201884248
:102D90003FD0FFE70F98006840F22841C4F20201DB
:102DA000884236D0FFE70F98006840F24041C4F2F5
:102DB000020188422DD0FFE70F98006840F2584189
:102DC000C4F20201884224D0FFE70F98006840F265
:102DD0007041C4F2020188421BD0FFE70F980068DF
:102DE00040F28841C4F20201884212D0FFE70F98F6
:102DF000006840F2A041C4F20201884209D0FFE716
:102E00000F98006840F2B841C4F20201884207D12D
:102E1000FFE70F980068006800F01000029006E0DD
:102E20000F980068006800F002000290FFE7029827
:102E3000002800F08980FFE70F98C06D00F01F01A7
:102E400020208840099988600F9890F83500042860
:102E500037D1FFE70F980168086820F01600086076
:102E60000F980168486920F0800048610F98006C55
:102E700020B9FFE70F98806C38B1FFE70F98016821
:102E8000086820F008000860FFE70F98C06D00F0A8
:102E90001F013F208840099988600F99012081F81F
:102EA0003500FFE70F99002081F83400FFE70F9805
:102EB000006D20B1FFE70F98016D8847FFE700F034
:102EC00019BC0F9800680068400300281AD5FFE776
:102ED0000F98006800680003002809D5FFE70F98E5
:102EE000406C20B1FFE70F98416C8847FFE708E08E
:102EF0000F98C06B20B1FFE70F98C16B8847FFE7C1
:102F0000FFE720E00F9800680068C005002811D492
:102F1000FFE70F980168086820F0100008600F991B
:102F2000012081F83500FFE70F99002081F8340077
:102F3000FFE7FFE70F98C06B20B1FFE70F98C16B69
:102F40008847FFE7FFE7FFE7FFE70F98406D00289E
:102F500000F0D480FFE70F98406DC007002800F014
:102F6000C480FFE70F99042081F835000F980068AE
:102F70001021C4F20201884200F08180FFE70F981F
:102F800000682821C4F20201884278D0FFE70F9838
:102F900000684021C4F20201884270D0FFE70F9818
:102FA00000685821C4F20201884268D0FFE70F98F8
:102FB00000687021C4F20201884260D0FFE70F98D8
:102FC00000688821C4F20201884258D0FFE70F98B8
:102FD0000068A021C4F20201884250D0FFE70F9898
:102FE0000068B821C4F20201884248D0FFE70F9878
:102FF000006840F21041C4F2020188423FD0FFE76E
:103000000F98006840F22841C4F20201884236D08D
:10301000FFE70F98006840F24041C4F20201884285
:103020002DD0FFE70F98006840F25841C4F202012A
:10303000884224D0FFE70F98006840F27041C4F244
:10304000020188421BD0FFE70F98006840F28841D8
:10305000C4F20201884212D0FFE70F98006840F2E4
:10306000A041C4F20201884209D0FFE70F9800682E
:1030700040F2B841C4F20201884207D1FFE70F983D
:103080000168086820F00100086006E00F980168F8
:10309000086820F001000860FFE7FFE70B980130A7
:1030A0000B900A99884201D9FFE707E0FFE70F98E4
:1030B00000680068C0070028F0D1FFE70F9800689B
:1030C0000068C00728B1FFE70F99032081F8350099
:1030D00004E00F99012081F83500FFE7FFE70F9921
:1030E000002081F83400FFE7FFE70F98C06C20B1A3
:1030F000FFE70F98C16C8847FFE7FFE7FAE20F98F8
:103100000168012045F20842C5F602029142019091
:103110004ED0FFE70F980168012045F21C42C5F62A
:1031200002029142019043D0FFE70F98016801200D
:1031300045F23042C5F602029142019038D0FFE7D5
:103140000F980168012045F24442C5F602029142FF
:1031500001902DD0FFE70F980168012045F25842F9
:10316000C5F602029142019022D0FFE70F98016854
:10317000012045F26C42C5F602029142019017D03F
:10318000FFE70F980168012045F28042C5F6020270
:10319000914201900CD0FFE70F9800684AF66C311D
:1031A000CAF2FD710844B0FA80F040090190FFE7CF
:1031B0000198C007002800F09B82FFE70F98006885
:1031C00000680C900D980F99C96D01F01F01C8405F
:1031D0004007002840F1D780FFE79DF83000400706
:1031E000002840F1D080FFE70F98C06D00F01F016C
:1031F00004208840089948609DF8310000060028A6
:1032000018D5FFE79DF83200C00748B1FFE70F98D7
:10321000806C20B1FFE70F98816C8847FFE708E0DA
:103220000F98006C20B1FFE70F98016C8847FFE70B
:10323000FFE7A7E09DF830008006002800F19980A4
:10324000FFE70F9800681021C4F20201884200F0E5
:103250008180FFE70F9800682821C4F202018842AC
:1032600078D0FFE70F9800684021C4F2020188423D
:1032700070D0FFE70F9800685821C4F2020188421D
:1032800068D0FFE70F9800687021C4F202018842FD
:1032900060D0FFE70F9800688821C4F202018842DD
:1032A00058D0FFE70F980068A021C4F202018842BD
:1032B00050D0FFE70F980068B821C4F2020188429D
:1032C00048D0FFE70F98006840F21041C4F20201B5
:1032D00088423FD0FFE70F98006840F22841C4F2CF
:1032E0000201884236D0FFE70F98006840F2404163
:1032F000C4F2020188422DD0FFE70F98006840F227
:103300005841C4F20201884224D0FFE70F980068B8
:1033100040F27041C4F2020188421BD0FFE70F98CF
:10332000006840F28841C4F20201884212D0FFE7EF
:103330000F98006840F2A041C4F20201884209D00F
:10334000FFE70F98006840F2B841C4F202018842DA
:1033500007D1FFE70F980168086820F008000860AF
:1033600006E00F980168086820F004000860FFE795
:10337000FFE70F98006C20B1FFE70F98016C8847BA
:10338000FFE7FFE7B3E10D980F99C96D01F01F0149
:10339000C8408007002840F1E180FFE79DF8300039
:1033A0008007002840F1DA80FFE70F98C06D00F039
:1033B0001F0102208840089948609DF831000006EE
:1033C000002818D5FFE79DF83200C00748B9FFE78D
:1033D0000F98406C20B1FFE70F98416C8847FFE7DA
:1033E00008E00F98C06B20B1FFE70F98C16B8847CA
:1033F000FFE7FFE7B1E09DF830008006002800F10C
:10340000A380FFE70F9800681021C4F202018842F0
:1034100000F08180FFE70F9800682821C4F20201C4
:10342000884278D0FFE70F9800684021C4F202017B
:10343000884270D0FFE70F9800685821C4F202015B
:10344000884268D0FFE70F9800687021C4F202013B
:10345000884260D0FFE70F9800688821C4F202011B
:10346000884258D0FFE70F980068A021C4F20201FB
:10347000884250D0FFE70F980068B821C4F20201DB
:10348000884248D0FFE70F98006840F21041C4F22C
:10349000020188423FD0FFE70F98006840F22841C0
:1034A000C4F20201884236D0FFE70F98006840F26C
:1034B0004041C4F2020188422DD0FFE70F98006816
:1034C00040F25841C4F20201884224D0FFE70F982D
:1034D000006840F27041C4F2020188421BD0FFE74D
:1034E0000F98006840F28841C4F20201884212D06D
:1034F000FFE70F98006840F2A041C4F20201884241
:1035000009D0FFE70F98006840F2B841C4F2020109
:10351000884207D1FFE70F980168086820F014007F
:10352000086006E00F980168086820F00A0008604B
:10353000FFE70F99012081F83500FFE70F99002080
:1035400081F83400FFE7FFE70F98C06B20B1FFE779
:103550000F98C16B8847FFE7FFE7C7E00D980F9909
:10356000C96D01F01F01C8400007002840F1BC8070
:10357000FFE79DF830000007002840F1B580FFE725
:103580000F9800681021C4F20201884200F0818087
:10359000FFE70F9800682821C4F20201884278D022
:1035A000FFE70F9800684021C4F20201884270D002
:1035B000FFE70F9800685821C4F20201884268D0E2
:1035C000FFE70F9800687021C4F20201884260D0C2
:1035D000FFE70F9800688821C4F20201884258D0A2
:1035E000FFE70F980068A021C4F20201884250D082
:1035F000FFE70F980068B821C4F20201884248D062
:10360000FFE70F98006840F21041C4F202018842BF
:103610003FD0FFE70F98006840F22841C4F2020152
:10362000884236D0FFE70F98006840F24041C4F26C
:10363000020188422DD0FFE70F98006840F2584100
:10364000C4F20201884224D0FFE70F98006840F2DC
:103650007041C4F2020188421BD0FFE70F98006856
:1036600040F28841C4F20201884212D0FFE70F986D
:10367000006840F2A041C4F20201884209D0FFE78D
:103680000F98006840F2B841C4F20201884207D1A5
:10369000FFE70F980168086820F01C00086006E04A
:1036A0000F980168086820F00E000860FFE70F9887
:1036B000C06D00F01F01012000FA01F1089A51606D
:1036C0000F9948650F9981F83500FFE70F990020A1
:1036D00081F83400FFE70F98C06C20B1FFE70F9826
:1036E000C16C8847FFE700E0FFE7FFE7FFE700E086
:1036F000FFE7FFE710B080BD80B58EB00C9001F001
:103700004FFA0A900C9828B9FFE701208DF837008E
:1037100000F09FBC0C98016801201022C4F2020244
:103720009142079000F0A380FFE70C980168012008
:103730002822C4F202029142079000F09880FFE72D
:103740000C98016801204022C4F2020291420790C5
:1037500000F08D80FFE70C98016801205822C4F228
:1037600002029142079000F08280FFE70C98016806
:1037700001207022C4F202029142079077D0FFE745
:103780000C98016801208822C4F20202914207903D
:103790006DD0FFE70C9801680120A022C4F202025C
:1037A0009142079063D0FFE70C9801680120B8228E
:1037B000C4F202029142079059D0FFE70C980168C9
:1037C000012040F21042C4F20202914207904ED012
:1037D000FFE70C980168012040F22842C4F202027F
:1037E0009142079043D0FFE70C980168012040F216
:1037F0004042C4F202029142079038D0FFE70C9891
:103800000168012040F25842C4F20202914207903E
:103810002DD0FFE70C980168012040F27042C4F2FD
:1038200002029142079022D0FFE70C980168012024
:1038300040F28842C4F202029142079017D0FFE79B
:103840000C980168012040F2A042C4F202029142A9
:1038500007900CD0FFE70C9800684FF64831CBF684
:10386000FD710844B0FA80F040090790FFE707981F
:10387000C007002800F07881FFE70C98406A08B183
:10388000FFE7FFE70C99022081F83500FFE70C996C
:10389000002081F83400FFE70C9800681021C4F282
:1038A0000201884200F08180FFE70C98006828211F
:1038B000C4F20201884278D0FFE70C9800684021EA
:1038C000C4F20201884270D0FFE70C9800685821CA
:1038D000C4F20201884268D0FFE70C9800687021AA
:1038E000C4F20201884260D0FFE70C98006888218A
:1038F000C4F20201884258D0FFE70C980068A0216A
:10390000C4F20201884250D0FFE70C980068B82149
:10391000C4F20201884248D0FFE70C98006840F2E8
:103920001041C4F2020188423FD0FFE70C980068C2
:1039300040F22841C4F20201884236D0FFE70C98D9
:10394000006840F24041C4F2020188422DD0FFE7F6
:103950000C98006840F25841C4F20201884224D019
:10396000FFE70C98006840F27041C4F202018842FF
:103970001BD0FFE70C98006840F28841C4F20201B6
:10398000884212D0FFE70C98006840F2A041C4F2D0
:103990000201884209D0FFE70C98006840F2B84164
:1039A000C4F20201884207D1FFE70C980168086859
:1039B00020F00100086006E00C980168086820F01B
:1039C00001000860FFE7FFE70C9800680068C00787
:1039D00098B1FFE701F0E4F80A99401A06280BD3E2
:1039E000FFE70C99202048650C99032081F83500E9
:1039F00001208DF837002CE3E6E70C98006800689A
:103A00000B900B9848F23F01CFF6106108400B90E5
:103A10000C998868D1F80CC00B694A6940EA0C001F
:103A2000184310438A691043CA691043096A014365
:103A30000B9808430B900C98406A042808D1FFE7C4
:103A40000C99C86A096B01430B9808430B90FFE778
:103A50000C984068292807D3FFE70C98416801209B
:103A60002F29069036D3FFE70C9840683F2807D3EC
:103A7000FFE70C9841680120432906902AD3FFE70D
:103A80000C984068472807D3FFE70C98416801204D
:103A9000492906901ED3FFE70C9840684F2807D3AA
:103AA000FFE70C98416801205329069012D3FFE7E5
:103AB0000C98416800207429059008D3FFE70C9802
:103AC00041680020782938BF01200590FFE705985C
:103AD0000690FFE70698C00728B1FFE70B9840F46F
:103AE00080100B90FFE70B980C99096808600C9800
:103AF000006840690B900B9820F007000B900C9821
:103B0000416A0B9808430B900C98406A04281AD11C
:103B1000FFE70C98816A0B9808430B900C98C06AD9
:103B200080B1FFE70C98FDF7CBF950B1FFE70C9996
:103B3000402048650C99012081F835008DF8370048
:103B400087E2FFE7FFE70B980C99096848610C983A
:103B5000FCF77AFF09900C98C06D00F01F013F2020
:103B600088400999886027E10C980168012045F296
:103B70000842C5F60202914204904ED0FFE70C982D
:103B80000168012045F21C42C5F6020291420490F0
:103B900043D0FFE70C980168012045F23042C5F69A
:103BA00002029142049038D0FFE70C98016801208E
:103BB00045F24442C5F60202914204902DD0FFE73F
:103BC0000C980168012045F25842C5F60202914264
:103BD000049022D0FFE70C980168012045F26C4266
:103BE000C5F602029142049017D0FFE70C980168D5
:103BF000012045F28042C5F60202914204900CD0A9
:103C0000FFE70C9800684AF66C31CAF2FD7108446F
:103C1000B0FA80F040090490FFE70498C00700283C
:103C200000F0BE80FFE70C980168012045F20842D1
:103C3000C5F60202914203904ED0FFE70C9801684E
:103C4000012045F21C42C5F602029142039043D086
:103C5000FFE70C980168012045F23042C5F60202E8
:103C60009142039038D0FFE70C980168012045F29B
:103C70004442C5F60202914203902DD0FFE70C9812
:103C80000168012045F25842C5F6020291420390B4
:103C900022D0FFE70C980168012045F26C42C5F67E
:103CA00002029142039017D0FFE70C9801680120AF
:103CB00045F28042C5F60202914203900CD0FFE724
:103CC0000C9800684AF66C31CAF2FD710844B0FAEB
:103CD00080F040090390FFE70398C00708B1FFE7B1
:103CE000FFE70C99022081F83500FFE70C990020CE
:103CF00081F83400FFE70C98006800680B900B987F
:103D00006FF310100B900C988068402803D1FFE7E8
:103D10001020029008E00C9880688038B0FA80F09B
:103D2000400980030290FFE702980C99D1F80CE05B
:103D3000D1F810C04B698A6940EADE0040EADC0035
:103D400040EAD30040EAD200CA6940EAD200096AD8
:103D500040EA11110B9808430B900B980C990968D5
:103D600008600C9908684AF6F832CAF2FD721044ED
:103D70004CF6CD42CCF6CC42A0FB02026FF0030021
:103D800000EA9200C8650C98FCF75EFE08900C985B
:103D9000C06D00F01F0101208840089948600AE0CA
:103DA0000C99402048650C99032081F835000120CA
:103DB0008DF837004DE1FFE70C98016801201022D3
:103DC000C4F202029142019000F00381FFE70C98D7
:103DD000016801202822C4F202029142019000F001
:103DE000F880FFE70C98016801204022C4F202022B
:103DF0009142019000F0ED80FFE70C9801680120EE
:103E00005822C4F202029142019000F0E280FFE7E2
:103E10000C98016801207022C4F2020291420190C4
:103E200000F0D780FFE70C98016801208822C4F2D7
:103E300002029142019000F0CC80FFE70C980168EB
:103E40000120A022C4F202029142019000F0C18040
:103E5000FFE70C9801680120B822C4F202029142E7
:103E6000019000F0B680FFE70C980168012040F255
:103E70001042C4F202029142019000F0AA80FFE7D2
:103E80000C980168012040F22842C4F202029142DB
:103E9000019000F09E80FFE70C980168012040F23D
:103EA0004042C4F202029142019000F09280FFE78A
:103EB0000C980168012040F25842C4F2020291427B
:103EC000019000F08680FFE70C980168012040F225
:103ED0007042C4F20202914201907AD0FFE70C983E
:103EE0000168012040F28842C4F20202914201902E
:103EF0006FD0FFE70C980168012040F2A042C4F2A5
:103F000002029142019064D0FFE70C980168012001
:103F100040F2B842C4F202029142019059D0FFE748
:103F20000C980168012045F20842C5F60202914250
:103F300001904ED0FFE70C980168012045F21C4229
:103F4000C5F602029142019043D0FFE70C98016848
:103F5000012045F23042C5F602029142019038D06C
:103F6000FFE70C980168012045F24442C5F60202C1
:103F7000914201902DD0FFE70C980168012045F295
:103F80005842C5F602029142019022D0FFE70C98F8
:103F90000168012045F26C42C5F60202914201908F
:103FA00017D0FFE70C980168012045F28042C5F662
:103FB0000202914201900CD0FFE70C9800684AF68B
:103FC0006C31CAF2FD710844B0FA80F040090190EA
:103FD000FFE70198C00790B3FFE70C98FCF71CFEC1
:103FE0000C988068802804D1FFE70C990020486075
:103FF000FFE70C990879096E08600C98416E806E95
:1040000048600C98406888B1FFE70C984068082821
:104010000CD8FFE70C98FCF7BBFE0C98C16E002093
:1040200008600C98016F406F486007E00C99002011
:10403000C8660C9908670C994867FFE7FFE70C9979
:10404000002048650C9A012182F835108DF8370060
:10405000FFE79DF837000EB080BD000000000000B3
:1040600080B588B0069005910492039300208DF8E6
:104070000B00069820B9FFE701208DF81F006CE3C4
:10408000FFE7069890F83400012804D1FFE70220EA
:104090008DF81F0061E30699012081F83400FFE7E5
:1040A000FFE7069890F83500012840F04383FFE7CA
:1040B0000699022081F83500069900204865069887
:1040C00000681021C4F20201884200F08180FFE7FD
:1040D000069800682821C4F20201884278D0FFE7E0
:1040E000069800684021C4F20201884270D0FFE7C0
:1040F000069800685821C4F20201884268D0FFE7A0
:10410000069800687021C4F20201884260D0FFE77F
:10411000069800688821C4F20201884258D0FFE75F
:1041200006980068A021C4F20201884250D0FFE73F
:1041300006980068B821C4F20201884248D0FFE71F
:104140000698006840F21041C4F2020188423FD054
:10415000FFE70698006840F22841C4F20201884255
:1041600036D0FFE70698006840F24041C4F20201F1
:1041700088422DD0FFE70698006840F25841C4F20B
:104180000201884224D0FFE70698006840F270419F
:10419000C4F2020188421BD0FFE70698006840F293
:1041A0008841C4F20201884212D0FFE706980068F5
:1041B00040F2A041C4F20201884209D0FFE706980C
:1041C000006840F2B841C4F20201884207D1FFE71B
:1041D00006980168086820F00100086006E006986B
:1041E0000168086820F001000860FFE7069805995B
:1041F000049A039BFCF7DCFE06980168012010225C
:10420000C4F202029142019000F0A380FFE70698F9
:10421000016801202822C4F202029142019000F0BC
:104220009880FFE70698016801204022C4F202024C
:104230009142019000F08D80FFE70698016801200F
:104240005822C4F202029142019000F08280FFE7FE
:104250000698016801207022C4F202029142019086
:1042600077D0FFE70698016801208822C4F2020295
:10427000914201906DD0FFE7069801680120A022CD
:10428000C4F202029142019063D0FFE706980168F0
:104290000120B822C4F202029142019059D0FFE7F6
:1042A00006980168012040F21042C4F202029142D5
:1042B00001904ED0FFE706980168012040F22842A5
:1042C000C4F202029142019043D0FFE706980168D0
:1042D000012040F24042C4F202029142019038D0E3
:1042E000FFE706980168012040F25842C4F202023A
:1042F000914201902DD0FFE706980168012040F21D
:104300007042C4F202029142019022D0FFE7069867
:104310000168012040F28842C4F2020291420190F9
:1043200017D0FFE706980168012040F2A042C4F2CE
:104330000202914201900CD0FFE7069800684FF608
:104340004831CBF6FD710844B0FA80F04009019085
:10435000FFE70198C007A8B1FFE70698006800686A
:104360000B2161F344000699096808600698006C07
:1043700038B1FFE706980168086840F00800086057
:10438000FFE714E0069800680068052161F3430028
:104390000699096808600698006C38B1FFE706982E
:1043A0000168086840F004000860FFE7FFE706982E
:1043B000016801201022C4F202029142009000F034
:1043C0000381FFE70698016801202822C4F2020257
:1043D0009142009000F0F880FFE706980168012004
:1043E0004022C4F202029142009000F0ED80FFE70B
:1043F0000698016801205822C4F2020291420090FE
:1044000000F0E280FFE70698016801207022C4F204
:1044100002029142009000F0D780FFE70698016801
:1044200001208822C4F202029142009000F0CC8068
:10443000FFE7069801680120A022C4F2020291421F
:10444000009000F0C180FFE7069801680120B822C3
:10445000C4F202029142009000F0B680FFE7069895
:104460000168012040F21042C4F202029142009021
:1044700000F0AA80FFE706980168012040F2284278
:10448000C4F202029142009000F09E80FFE706987D
:104490000168012040F24042C4F2020291420090C1
:1044A00000F09280FFE706980168012040F2584230
:1044B000C4F202029142009000F08680FFE7069865
:1044C0000168012040F27042C4F202029142009061
:1044D0007AD0FFE706980168012040F28842C4F2D2
:1044E0000202914200906FD0FFE706980168012018
:1044F00040F2A042C4F202029142009064D0FFE771
:1045000006980168012040F2B842C4F202029142CA
:10451000009059D0FFE706980168012045F2084253
:10452000C5F60202914200904ED0FFE7069801685E
:10453000012045F21C42C5F602029142009043D090
:10454000FFE706980168012045F23042C5F60202F5
:104550009142009038D0FFE706980168012045F2AB
:104560004442C5F60202914200902DD0FFE7069822
:104570000168012045F25842C5F6020291420090BE
:1045800022D0FFE706980168012045F26C42C5F68B
:1045900002029142009017D0FFE7069801680120BF
:1045A00045F28042C5F60202914200900CD0FFE72E
:1045B000069800684AF66C31CAF2FD710844B0FAF8
:1045C00080F040090090FFE70098C007D0B1FFE7F6
:1045D0000698006E0068C003002807D5FFE706981C
:1045E000016E086840F480700860FFE70698C06EAE
:1045F00038B1FFE70698C16E086840F48070086023
:10460000FFE7FFE7069800681021C4F20201884224
:1046100000F08180FFE7069800682821C4F20201BB
:10462000884278D0FFE7069800684021C4F2020172
:10463000884270D0FFE7069800685821C4F2020152
:10464000884268D0FFE7069800687021C4F2020132
:10465000884260D0FFE7069800688821C4F2020112
:10466000884258D0FFE706980068A021C4F20201F2
:10467000884250D0FFE706980068B821C4F20201D2
:10468000884248D0FFE70698006840F21041C4F223
:10469000020188423FD0FFE70698006840F22841B7
:1046A000C4F20201884236D0FFE70698006840F263
:1046B0004041C4F2020188422DD0FFE7069800680D
:1046C00040F25841C4F20201884224D0FFE7069824
:1046D000006840F27041C4F2020188421BD0FFE73B
:1046E0000698006840F28841C4F20201884212D064
:1046F000FFE70698006840F2A041C4F20201884238
:1047000009D0FFE70698006840F2B841C4F2020100
:10471000884207D1FFE706980168086840F0010069
:10472000086006E006980168086840F0010008602B
:10473000FFE70DE006994FF400604865FFE7069932
:10474000002081F83400FFE701208DF80B00FFE71F
:104750009DF80B008DF81F00FFE79DF81F0008B0C3
:1047600080BD00000000000080B584B0039000F020
:1047700017FA0290039801900198013048B1FFE7C1
:1047800040F20800C2F2004001780198084401900C
:10479000FFE7FFE700F004FA0299401A0199884206
:1047A00001D2FFE7F6E704B080BD00000000000082
:1047B0008FB00E900D9100200C908020C5F6000067
:1047C0000990FFE70D9800680C99C840002800F098
:1047D000CD81FFE70D9800680C9A012191400840B7
:1047E0000B900B98002800F0BD81FFE70D98406802
:1047F00000F00300012807D0FFE70D98406800F0A3
:10480000030002282FD1FFE70E9880680A900C98C9
:104810004100032000FA01F10A9888430A900D989C
:10482000C0680C99490000FA01F10A9808430A90FF
:104830000A980E9988600E9840680A900C99012099
:1048400000FA01F10A9888430A900D984068C0F375
:1048500000100C9900FA01F10A9808430A900A988E
:104860000E994860FFE70D98406800F003000328A8
:104870000CD1FFE70D98406800F0030003281DD11C
:10488000FFE70D988068012818D0FFE70E98C068F0
:104890000A900C984100032000FA01F10A9888431D
:1048A0000A900D9880680C99490000FA01F10A9865
:1048B00008430A900A980E99C860FFE70D9840686F
:1048C00000F00300022826D1FFE70E980C996FF044
:1048D000030202EA51010844006A0A900C9800F0B1
:1048E000070081000F2000FA01F10A9888430A901E
:1048F0000D9800690C9901F00701890000FA01F197
:104900000A9808430A900A980E990C9B02EA5302EF
:1049100011440862FFE70E9800680A900C98410065
:10492000032000FA01F10A9888430A900D98406824
:1049300000F003000C99490000FA01F10A980843BD
:104940000A900A980E9908600D98807980070028CF
:1049500000F00781FFE7FFE744F2F440C5F60200EC
:10496000016841F002010160006800F00200089057
:104970000898FFE70C9820F0030040F20841C5F6C4
:10498000000140580A900C9800F0030081000F20AD
:1049900000FA01F10A9888430A900E980021C5F6A2
:1049A0000201884203D1FFE7002007906CE00E98D7
:1049B00040F20041C5F60201884203D1FFE7012021
:1049C00006905EE00E9840F60001C5F602018842AE
:1049D00003D1FFE70220059050E00E9840F6004119
:1049E000C5F60201884203D1FFE70320049042E0AC
:1049F0000E9841F20001C5F60201884203D1FFE79B
:104A00000420039034E00E9841F20041C5F6020103
:104A1000884203D1FFE70520029026E00E9841F678
:104A20000001C5F60201884203D1FFE7062001908C
:104A300018E00E9841F60041C5F60201884203D104
:104A4000FFE7072000900AE00E9942F20042C5F607
:104A500002020A20914208BF09200090FFE7009857
:104A60000190FFE701980290FFE702980390FFE7AB
:104A700003980490FFE704980590FFE705980690D7
:104A8000FFE706980790FFE707980C9901F00301EC
:104A9000890000FA01F10A9808430A900A980C99D3
:104AA00021F0030140F20842C5F6000288504FF0A1
:104AB000B04000680A900B990A9888430A900D98B4
:104AC0008079C006002805D5FFE70B990A980843AE
:104AD0000A90FFE70A984FF0B04108600420C5F63D
:104AE000000000680A900B990A9888430A900D9874
:104AF00080798006002805D5FFE70B990A980843BE
:104B00000A90FFE70A980421C5F600010860099899
:104B100040680A900B990A9888430A900D9880790A
:104B20008007002805D5FFE70B990A9808430A90EB
:104B3000FFE70A9809994860099800680A900B995C
:104B40000A9888430A900D988079C00728B1FFE73A
:104B50000B990A9808430A90FFE70A980999086098
:104B6000FFE7FFE70C9801300C902BE60FB0704781
:104B700082B00190ADF802108DF801209DF801007F
:104B800028B1FFE7BDF802000199886105E0BDF892
:104B90000200000401998861FFE702B0704700003D
:104BA00040F27830C2F20040006870470000000018
:104BB00040F20800C2F20040027840F27831C2F2BE
:104BC00000410868104408607047000000000000C1
:104BD00080B582B0032000F023F901F0D9FE44F241
:104BE0001842C5F602021168C1F303234BF66E7139
:104BF000C0F60001CB5C03F01F03D8400090009882
:104C0000126802F00F02895C01F01F01C84040F2F7
:104C10000401C2F200410860009840F20001C2F2B3
:104C2000004108600F2000F013F820B1FFE70120D9
:104C30008DF8070005E000F0BBF800208DF80700B4
:104C4000FFE79DF8070002B080BD000000000000F3
:104C500080B582B0009040F20800C2F200400078B7
:104C600020B9FFE701208DF8070030E040F2000096
:104C7000C2F20040006840F20801C2F200410A7826
:104C80004FF47A71B1FBF2F1B0FBF1F003F0ECFB01
:104C900020B1FFE701208DF8070018E000980F28E9
:104CA0000DD8FFE700994FF0FF30002200F0A0F888
:104CB000009840F20C01C2F20041086003E00120BC
:104CC0008DF8070003E000208DF80700FFE79DF84E
:104CD000070002B080BD000010B581B000900098C0
:104CE00040784EF69851CEF2000108604EF6A05181
:104CF000CEF20001086820F00100086000984068CA
:104D00004EF69C52CEF200021060DDF800E09EF8F4
:104D10000C0000079EF80B2040EA02609EF800207D
:104D20009EF808309EF809C09EF80A4040EAC44048
:104D30009EF80D4040EA84409EF80E4040EA444010
:104D40009EF80FE040EA0E4040EA0C2040EA4300A3
:104D50001043086001B010BDBFF35F8F4EF62451C1
:104D6000CEF20001086820F4803008604EF69451BD
:104D7000CEF2000100200860704700000000000033
:104D800081B00090009840F001004EF69451CEF2B0
:104D9000000108604EF62451CEF20001086840F48C
:104DA00080300860BFF34F8FBFF36F8F01B0704743
:104DB00081B0FFE744F2F440C5F60200016841F01B
:104DC00002010160006800F0020000900098FFE717
:104DD00001B070470000000080B582B0ADF8060059
:104DE000BDF9060006F080FF02B080BD00000000A3
:104DF00080B586B0ADF816000491039206F08CFFE2
:104E00000290BDF91600019002980499039A04F0EB
:104E1000F3FB0146019806F087FF06B080BD000055
:104E200080B582B00190019806F0A2FF02B080BD6B
:104E300080B584B0029044F60C00C5F6020000680C
:104E400000F004010020B0EB910F13D1FFE744F60E
:104E50000C00C5F60200006800F0070002998842C5
:104E600004D0FFE701208DF80F002EE000208DF820
:104E70000F002AE044F60C01C5F60201086820F094
:104E80000700029A10430860FFF78AFE0190FFE7CF
:104E900044F60400C5F60200006800F4005100204A
:104EA000B0EB513F0DD1FFE7FFF77AFE0199401AB1
:104EB000B0F57A7F04D9FFE701208DF80F0004E0F8
:104EC000E6E700208DF80F00FFE79DF80F0004B023
:104ED00080BD00000000000080B501F005FD44F237
:104EE0002041C5F602010968C1F302124BF66E714A
:104EF000C0F60001895C01F01F01C84080BD0000C0
:104F000088B0079044F22840C5F60200016801F01D
:104F1000030106910068C0F30530059044F22C406F
:104F2000C5F602000068C0F300100490049844F233
:104F30003C41C5F60201096889B2C908484300EE40
:104F4000100AB8EE400A8DED020A0598002800F01C
:104F50001B81FFE70698009048B1FFE70098012801
:104F600069D0FFE70098022800F08980ABE044F2A6
:104F70000040C5F60200006800F020010020B0EB00
:104F8000511F33D0FFE744F20040C5F6020000682D
:104F9000C0F3C10149F20000C0F2D030C840039014
:104FA0009DED030AB8EE400A9DED051AB8EE411AD0
:104FB00080EE010A44F23840C5F6020000686FF343
:104FC0005F2001EE100AB8EE411A9DED022A9FED16
:104FD000743A82EE032A31EE021AB7EE002A31EE5D
:104FE000021A20EE010A8DED010A23E09DED050A6B
:104FF000B8EE401A9FED6C0A80EE010A44F2384088
:10500000C5F6020000686FF35F2001EE100AB8EEEB
:10501000411A9DED022A9FED623A82EE032A31EE9B
:10502000021AB7EE002A31EE021A20EE010A8DEDC7
:10503000010AFFE76BE09DED050AB8EE401A9FED0F
:10504000590A80EE010A44F23840C5F602000068B1
:105050006FF35F2001EE100AB8EE411A9DED022AAF
:105060009FED4F3A82EE032A31EE021AB7EE002A84
:1050700031EE021A20EE010A8DED010A47E09DEDA6
:10508000050AB8EE401A9FED450A80EE010A44F287
:105090003840C5F6020000686FF35F2001EE100A89
:1050A000B8EE411A9DED022A9FED3D3A82EE032AA9
:1050B00031EE021AB7EE002A31EE021A20EE010A92
:1050C0008DED010A23E09DED050AB8EE401A9FED33
:1050D000350A80EE010A44F23840C5F60200006845
:1050E0006FF35F2001EE100AB8EE411A9DED022A1F
:1050F0009FED2B3A82EE032A31EE021AB7EE002A18
:1051000031EE021A20EE010A8DED010AFFE79DED56
:10511000010A44F23840C5F60200016889B2490A22
:1051200001EE101AB8EE411AB7EE002A31EE021A5B
:1051300080EE010A0799BCEEC00A81ED000A9DEDE0
:10514000010A0168C1F3064101EE101AB8EE411AD6
:1051500031EE021A80EE010A0799BCEEC00A81ED19
:10516000010A9DED010A0068C0F3066001EE100A15
:10517000B8EE411A31EE021A80EE010A0798BCEE31
:10518000C00A80ED020A07E007990020086007992D
:10519000486007998860FFE708B0704720BCBE4BA5
:1051A000000000460024744A0024744C00000000F3
:1051B00088B0079044F22840C5F60200016801F06B
:1051C000030106910068C0F30550059044F22C409D
:1051D000C5F602000068C0F300200490049844F271
:1051E0004441C5F60201096889B2C908484300EE86
:1051F000100AB8EE400A8DED020A0598002800F06A
:105200001B81FFE70698009048B1FFE7009801284E
:1052100069D0FFE70098022800F08980ABE044F2F3
:105220000040C5F60200006800F020010020B0EB4D
:10523000511F33D0FFE744F20040C5F6020000687A
:10524000C0F3C10149F20000C0F2D030C840039061
:105250009DED030AB8EE400A9DED051AB8EE411A1D
:1052600080EE010A44F24040C5F6020000686FF388
:105270005F2001EE100AB8EE411A9DED022A9FED63
:10528000743A82EE032A31EE021AB7EE002A31EEAA
:10529000021A20EE010A8DED010A23E09DED050AB8
:1052A000B8EE401A9FED6C0A80EE010A44F24040CD
:1052B000C5F6020000686FF35F2001EE100AB8EE39
:1052C000411A9DED022A9FED623A82EE032A31EEE9
:1052D000021AB7EE002A31EE021A20EE010A8DED15
:1052E000010AFFE76BE09DED050AB8EE401A9FED5D
:1052F000590A80EE010A44F24040C5F602000068F7
:105300006FF35F2001EE100AB8EE411A9DED022AFC
:105310009FED4F3A82EE032A31EE021AB7EE002AD1
:1053200031EE021A20EE010A8DED010A47E09DEDF3
:10533000050AB8EE401A9FED450A80EE010A44F2D4
:105340004040C5F6020000686FF35F2001EE100ACE
:10535000B8EE411A9DED022A9FED3D3A82EE032AF6
:1053600031EE021AB7EE002A31EE021A20EE010ADF
:105370008DED010A23E09DED050AB8EE401A9FED80
:10538000350A80EE010A44F24040C5F6020000688A
:105390006FF35F2001EE100AB8EE411A9DED022A6C
:1053A0009FED2B3A82EE032A31EE021AB7EE002A65
:1053B00031EE021A20EE010A8DED010AFFE79DEDA4
:1053C000010A44F24040C5F60200016889B2490A68
:1053D00001EE101AB8EE411AB7EE002A31EE021AA9
:1053E00080EE010A0799BCEEC00A81ED000A9DED2E
:1053F000010A0168C1F3064101EE101AB8EE411A24
:1054000031EE021A80EE010A0799BCEEC00A81ED66
:10541000010A9DED010A0068C0F3066001EE100A62
:10542000B8EE411A31EE021A80EE010A0798BCEE7E
:10543000C00A80ED020A07E007990020086007997A
:10544000486007998860FFE708B0704720BCBE4BF2
:10545000000000460024744A0024744C0000000040
:1054600080B59AB0189000208DF857008DF856003E
:105470001898C0780007002848D5FFE71898406EB4
:10548000149078B1FFE71498B0F5801F13D0FFE7B0
:105490001498B0F5001F16D0FFE71498B0F5401F20
:1054A00019D019E044F22C41C5F60201086840F415
:1054B0000030086014E018980830022104F0D8F891
:1054C0008DF857000CE018982830022104F0B8F944
:1054D0008DF8570004E003E001208DF85700FFE746
:1054E0009DF8570060B9FFE744F25041C5F602014C
:1054F000086820F44010189A526E1043086004E0C7
:105500009DF857008DF85600FFE7FFE718984078A0
:10551000C007002840D0FFE71898806D139004283A
:1055200020D81399DFE801F0030C141C1D0044F28D
:105530002C41C5F60201086840F40030086015E00F
:1055400018980830002104F093F88DF857000DE00A
:1055500018982830002104F073F98DF8570005E001
:1055600004E003E001208DF85700FFE79DF85700A5
:1055700060B9FFE744F25041C5F60201086820F027
:105580000700189A926D1043086004E09DF85700D8
:105590008DF85600FFE7FFE718984078400700288D
:1055A00056D5FFE71898D0F8A4001290C8B1FFE7CD
:1055B0001298B0F5001F1DD0FFE71298B0F5800FCC
:1055C00020D0FFE71298B0F5C00F23D0FFE7129864
:1055D000B0F5000F1FD0FFE71298B0F5200F1BD0D9
:1055E0001BE044F22C41C5F60201086840F400308B
:1055F000086016E018980830002104F039F88DF89A
:1056000057000EE018982830002104F019F98DF8A1
:10561000570006E005E004E003E001208DF85700A4
:10562000FFE79DF8570068B9FFE744F25841C5F617
:105630000201086820F46000189AD2F8A4201043F0
:10564000086004E09DF857008DF85600FFE7FFE77B
:10565000189840780007002856D5FFE71898D0F82A
:10566000A8001190C8B1FFE71198B0F1807F1DD05C
:10567000FFE71198B0F1007F20D0FFE71198B0F15B
:10568000407F23D0FFE71198B0F1806F1FD0FFE774
:105690001198B0F1A06F1BD01BE044F22C41C5F66D
:1056A0000201086840F40030086016E018980830DD
:1056B000002103F0DDFF8DF857000EE01898283028
:1056C000002104F0BDF88DF8570006E005E004E085
:1056D00003E001208DF85700FFE79DF8570068B9F7
:1056E000FFE744F25841C5F60201086820F0E06087
:1056F000189AD2F8A8201043086004E09DF85700DB
:105700008DF85600FFE7FFE71898C078800700285B
:105710003ED5FFE71898C06C1090F0B1FFE71098E5
:10572000102808D0FFE7109820280DD0FFE7109828
:10573000302811D012E044F22C41C5F6020108686D
:1057400040F4003008600DE018980830022103F0A2
:105750008FFF8DF8570005E004E003E001208DF88D
:105760005700FFE79DF8570060B9FFE744F24C414E
:10577000C5F60201086820F03000189AD26C104378
:10578000086004E09DF857008DF85600FFE7FFE73A
:1057900018984078C00600284ED5FFE71898C06DCD
:1057A0000F90A0B1FFE70F98B0F5805F18D0FFE72A
:1057B0000F98B0F5005F1BD0FFE70F98B0F5405F82
:1057C0001ED0FFE70F98B0F5804F1AD01AE044F2D0
:1057D0002C41C5F60201086840F40030086015E06D
:1057E00018980830002103F043FF8DF857000DE0B2
:1057F00018982830002104F023F88DF8570005E0B0
:1058000004E003E001208DF85700FFE79DF8570002
:1058100060B9FFE744F25041C5F60201086820F480
:10582000E040189AD26D1043086004E09DF85700DC
:105830008DF85600FFE7FFE71898407880060028AB
:105840004CD5FFE71898006E0E90C8B1FFE70E9890
:10585000B0F5803F15D0FFE70E98B0F5003F18D0A7
:10586000FFE70E98B0F5403F1BD0FFE70E98B0F56C
:10587000802F17D0FFE70E98B0F5A02F13D013E0BC
:1058800016E018980830012103F0F2FE8DF8570059
:105890000EE018982830012103F0D2FF8DF8570050
:1058A00006E005E004E003E001208DF85700FFE783
:1058B0009DF8570060B9FFE744F25041C5F6020178
:1058C000086820F4E020189A126E1043086004E083
:1058D0009DF857008DF85600FFE7FFE718984078CD
:1058E000400600284ED5FFE71898D0F8AC000D9080
:1058F000C8B1FFE70D98B0F1805F15D0FFE70D98B4
:10590000B0F1005F18D0FFE70D98B0F1405F1BD0F9
:10591000FFE70D98B0F1804F17D0FFE70D98B0F179
:10592000A04F13D013E016E018980830012103F0BF
:105930009FFE8DF857000EE018982830012103F0E3
:105940007FFF8DF8570006E005E004E003E001204A
:105950008DF85700FFE79DF8570068B9FFE744F25C
:105960005841C5F60201086820F0E040189AD2F8C4
:10597000AC201043086004E09DF857008DF85600F5
:10598000FFE7FFE718984078000600283BD5FFE7BF
:105990001898C06E0C90D8B1FFE70C98B0F1805FFA
:1059A00005D0FFE70C98B0F1005F09D011E044F298
:1059B0002C41C5F60201086840F4003008600CE094
:1059C00018980830012103F053FE8DF8570004E0C9
:1059D00003E001208DF85700FFE79DF8570060B9FC
:1059E000FFE744F25041C5F60201086820F040503C
:1059F000189AD26E1043086004E09DF857008DF8A5
:105A00005600FFE7FFE71898C078C007002837D096
:105A1000FFE71898806C0B90032817D80B99DFE8E4
:105A200001F014020B1344F22C41C5F60201086880
:105A300040F4003008600DE018980830022103F0AF
:105A400017FE8DF8570005E004E003E001208DF813
:105A50005700FFE79DF8570060B9FFE744F24C415B
:105A6000C5F60201086820F00300189A926C1043F2
:105A7000086004E09DF857008DF85600FFE7FFE747
:105A8000189880784006002840F1B480FFE744F67B
:105A90000001C5F60201086840F480700860FFF755
:105AA0007FF81690FFE744F60000C5F60200006894
:105AB000C00500280CD4FFE7FFF772F81699401ACA
:105AC000652804D3FFE703208DF8570000E0EAE7DC
:105AD0009DF85700002840F08780FFE744F27040AF
:105AE000C5F60200006800F440701899D1F8B010B3
:105AF00001F44071884213D0FFE744F27041C5F6CB
:105B00000201086820F440701790086840F4803063
:105B10000860086820F48030086017980860FFE784
:105B20001898D0F8B000B0F5807F1FD1FFE7FFF7DD
:105B300037F81690FFE744F27040C5F6020000689F
:105B400000F002010020B0EB510F0ED1FFE7FFF78C
:105B500027F81699401A41F28931884204D3FFE7A9
:105B600003208DF8570000E0E5E7FFE79DF85700B8
:105B7000A0BBFFE7FFE71898D0F8B00000F4407032
:105B8000B0F5407F13D1FFE744F21041C5F60201A2
:105B9000086820F47C50189AD2F8B0204FF6F043F1
:105BA000C0F6FF731A4040EA1210086008E044F2A1
:105BB0001041C5F60201086820F47C500860FFE738
:105BC0001898D0F8B0206FF31F3244F27041C5F638
:105BD0000201086810430860FFE704E09DF85700E1
:105BE0008DF85600FFE704E09DF857008DF8560049
:105BF000FFE7FFE718980068C007002800F04C8016
:105C0000FFE71898806F0A9028282BD80A99DFE8B8
:105C100001F015292929292929291629292929297C
:105C200029291E29292929292929262929292929F2
:105C300029292729292929292929280016E01898FE
:105C40000830012103F014FD8DF857000EE018987C
:105C50002830012103F0F4FD8DF8570006E005E03F
:105C600004E003E001208DF85700FFE79DF857009E
:105C700060B9FFE744F25441C5F60201086820F01C
:105C80003800189A926F1043086004E09DF857009E
:105C90008DF85600FFE7FFE7189800788007002886
:105CA00039D5FFE71898406F0990052819D8099948
:105CB000DFE801F003040C14151616E018980830FC
:105CC000012103F0D5FC8DF857000EE0189828301C
:105CD000012103F0B5FD8DF8570006E005E004E072
:105CE00003E001208DF85700FFE79DF8570060B9E9
:105CF000FFE744F25441C5F60201086820F00700AE
:105D0000189A526F1043086004E09DF857008DF810
:105D10005600FFE7FFE718980078400700283BD5BA
:105D2000FFE71898D0F890000890052819D808992E
:105D3000DFE801F003040C14151616E0189808307B
:105D4000012103F095FC8DF857000EE018982830DB
:105D5000012103F075FD8DF8570006E005E004E031
:105D600003E001208DF85700FFE79DF8570068B960
:105D7000FFE744F25841C5F60201086820F0070029
:105D8000189AD2F890201043086004E09DF857005C
:105D90008DF85600FFE7FFE7189800788006002886
:105DA0004ED5FFE71898D0F88C000790C8B1FFE7F0
:105DB0000798B0F1805F15D0FFE70798B0F1005F5A
:105DC00018D0FFE70798B0F1405F1BD0FFE70798B6
:105DD000B0F1804F17D0FFE70798B0F1A04F13D074
:105DE00013E016E018980830002103F041FC8DF80C
:105DF00057000EE018982830022103F021FD8DF89D
:105E0000570006E005E004E003E001208DF85700AC
:105E1000FFE79DF8570068B9FFE744F25441C5F623
:105E20000201086820F0E040189AD2F88C20104354
:105E3000086004E09DF857008DF85600FFE7FFE783
:105E400018980078400600284ED5FFE71898D0F83B
:105E500098000690C8B1FFE70698B0F5806F15D09E
:105E6000FFE70698B0F5006F18D0FFE70698B0F589
:105E7000406F1BD0FFE70698B0F5805F17D0FFE7B3
:105E80000698B0F5A05F13D013E016E0189808301C
:105E9000002103F0EDFB8DF857000EE01898283034
:105EA000022103F0CDFC8DF8570006E005E004E088
:105EB00003E001208DF85700FFE79DF8570068B90F
:105EC000FFE744F25841C5F60201086820F4E050AB
:105ED000189AD2F898201043086004E09DF8570003
:105EE0008DF85600FFE7FFE71898007800060028B5
:105EF0004ED5FFE71898D0F89C000590C8B1FFE791
:105F00000598B0F5005F15D0FFE70598B0F5804F14
:105F100018D0FFE70598B0F5C04F1BD0FFE70598F4
:105F2000B0F5004F17D0FFE70598B0F5204F13D01C
:105F300013E016E018980830002103F099FB8DF863
:105F400057000EE018982830022103F079FC8DF8F4
:105F5000570006E005E004E003E001208DF857005B
:105F6000FFE79DF8570068B9FFE744F25841C5F6CE
:105F70000201086820F46040189AD2F89C2010436F
:105F8000086004E09DF857008DF85600FFE7FFE732
:105F9000189800780007002820D5FFE71898D0F857
:105FA0008000B0F5805F0CD1FFE7189828300221FF
:105FB00003F046FC20B1FFE701208DF85600FFE713
:105FC000FFE744F25441C5F60201086820F440504E
:105FD000189AD2F8802010430860FFE718980078DC
:105FE000C006002820D5FFE71898D0F89400B0F537
:105FF000807F0CD1FFE718982830022103F020FCA5
:1060000020B1FFE701208DF85600FFE7FFE744F2DB
:106010005841C5F60201086820F44070189AD2F879
:10602000942010430860FFE7189880780007002844
:106030003CD5FFE71898D0F8A000049050B1FFE7D6
:106040000498B0F5803F0DD0FFE70498B0F5003F0D
:1060500010D010E018980830002103F009FB8DF8EB
:1060600057000CE018982830022103F0E9FB8DF866
:10607000570004E003E001208DF85700FFE79DF88A
:10608000570068B9FFE744F25841C5F602010868B5
:1060900020F44030189AD2F8A0201043086004E0A1
:1060A0009DF857008DF85600FFE7FFE718988078B5
:1060B000400700283FD5FFE71898D0F884000390E8
:1060C000B0F5801F0AD0FFE70398B0F5001F0ED08F
:1060D000FFE70398B0F5401F11D011E044F22C41C6
:1060E000C5F60201086840F4003008600CE018981A
:1060F0002830012103F0A4FB8DF8570004E003E0F1
:1061000001208DF85700FFE79DF8570068B9FFE7B9
:1061100044F25441C5F60201086820F44010189A70
:10612000D2F884201043086004E09DF857008DF8F1
:106130005600FFE7FFE718988078C007A8B3FFE78D
:106140001898006D029028B1FFE70298B0F5803FE3
:1061500009D010E044F22C41C5F60201086840F471
:10616000003008600BE018980830022103F080FA34
:106170008DF8570003E001208DF85700FFE79DF8E8
:10618000570060B9FFE744F24C41C5F602010868C8
:1061900020F48030189A126D1043086004E09DF8D6
:1061A00057008DF85600FFE7FFE71898C078800683
:1061B00000280CD5FFE718982830022103F040FB97
:1061C00020B1FFE701208DF85600FFE7FFE71898A0
:1061D0008078800700283AD5FFE71898C06F0190B3
:1061E000D0B1FFE70198B0F5807F0AD0FFE70198B2
:1061F000B0F5007F0ED0FFE70198B0F5407F0AD0E0
:106200000BE044F22C41C5F60201086840F400306E
:10621000086006E005E004E003E001208DF8570087
:10622000FFE79DF8570060B9FFE744F25441C5F617
:106230000201086820F44070189AD26F1043086079
:1062400004E09DF857008DF85600FFE7FFE7189827
:106250008078C00600280CD5FFE744F25041C5F60F
:106260000201086820F00040189A126F104308607D
:10627000FFE718988078800600280CD5FFE744F2E5
:106280005041C5F60201086820F08070189A926E9D
:1062900010430860FFE71898C0784006002811D521
:1062A000FFE7FFE744F21041C5F60201086820F459
:1062B000004008601898D0F8B420086810430860BF
:1062C000FFE7FFE71898C078000600280CD5FFE725
:1062D00044F24C41C5F60201086820F04050189A7B
:1062E000526D10430860FFE7189880780006002878
:1062F0000DD5FFE744F25441C5F60201086820F4C9
:106300004000189AD2F8882010430860FFE71898D8
:106310000079C00790B1FFE718980830002103F01A
:10632000A7F98DF857009DF8570008B9FFE704E07A
:106330009DF857008DF85600FFE7FFE718980079A1
:106340008007002812D5FFE718980830012103F0D4
:106350008FF98DF857009DF8570008B9FFE704E062
:106360009DF857008DF85600FFE7FFE71898007971
:106370004007002812D5FFE718980830022103F0E3
:1063800077F98DF857009DF8570008B9FFE704E04A
:106390009DF857008DF85600FFE7FFE71898007941
:1063A0000007002812D5FFE718982830002103F0D5
:1063B00047FA8DF857009DF8570008B9FFE704E049
:1063C0009DF857008DF85600FFE7FFE71898007911
:1063D000C006002812D5FFE718982830012103F0E5
:1063E0002FFA8DF857009DF8570008B9FFE704E031
:1063F0009DF857008DF85600FFE7FFE718980079E1
:106400008006002812D5FFE718982830022103F0F3
:1064100017FA8DF857009DF8570008B9FFE704E018
:106420009DF857008DF85600FFE7FFE79DF85600EE
:1064300020B9FFE700208DF8670003E001208DF808
:106440006700FFE79DF867001AB080BD00000000FC
:1064500080B586B004900391049820B9FFE701202D
:106460008DF817003CE2039842F20001C5F20021CA
:10647000096801F00F01884216D9FFE742F20000D7
:10648000C5F20020016821F00F01039A1143016059
:10649000006800F00F000399884204D0FFE7012054
:1064A0008DF817001CE2FFE70498007840070028E9
:1064B00019D5FFE70498006944F21841C5F60201B6
:1064C000096801F0700188420CD9FFE744F21841D5
:1064D000C5F60201086820F07000049A12691043A2
:1064E0000860FFE7FFE7049800780007002819D547
:1064F000FFE70498406944F21C41C5F602010968AF
:1065000001F0700188420CD9FFE744F21C41C5F646
:106510000201086820F07000049A52691043086074
:10652000FFE7FFE704980078C006002819D5FFE7C9
:106530000498806944F21C41C5F60201096801F41F
:10654000E06188420CD9FFE744F21C41C5F6020124
:10655000086820F4E060049A926910430860FFE73D
:10656000FFE7049800788006002819D5FFE7049813
:10657000C06944F22041C5F60201096801F07001CA
:1065800088420CD9FFE744F22041C5F602010868B1
:1065900020F07000049AD26910430860FFE7FFE71B
:1065A000049800788007002819D5FFE70498C06890
:1065B00044F21841C5F60201096801F00F01884252
:1065C0000CD9FFE744F21841C5F60201086820F033
:1065D0000F00049AD26810430860FFE7FFE70498B1
:1065E0000078C007002800F08C80FFE744F21841D3
:1065F000C5F60201086820F47060049A926810439E
:10660000086004984068022811D1FFE744F2004076
:10661000C5F60200006800F400310020B0EB514FD5
:1066200004D1FFE701208DF8170059E13EE00498FE
:106630004068032811D1FFE744F20040C5F602008C
:10664000006800F000710020B0EB516F04D1FFE74B
:1066500001208DF8170043E127E0049840680128E5
:1066600011D1FFE744F20040C5F60200006800F4D3
:1066700080710020B0EB112F04D1FFE701208DF8CD
:1066800017002DE110E044F20040C5F6020000685A
:1066900000F004010020B0EB910F04D1FFE70120CE
:1066A0008DF817001CE1FFE7FFE7FFE744F2104118
:1066B000C5F60201086820F00700049A52681043EA
:1066C0000860FEF76DFA0190FFE744F21040C5F64E
:1066D0000200006800F0380004994968B0EBC10F6F
:1066E0000ED0FFE7FEF75CFA0199401A41F28931BA
:1066F000884204D3FFE703208DF81700F0E0E4E7B9
:10670000FFE7049800788007002819D5FFE7049870
:10671000C06844F21841C5F60201096801F00F0192
:1067200088420CD2FFE744F21841C5F6020108681E
:1067300020F00F00049AD26810430860FFE7FFE7DB
:10674000039842F20001C5F20021096801F00F012F
:10675000884216D2FFE742F20000C5F2002001682D
:1067600021F00F01039A11430160006800F00F004F
:106770000399884204D0FFE701208DF81700AFE0AD
:10678000FFE7049800784007002819D5FFE7049830
:10679000006944F21841C5F60201096801F0700170
:1067A00088420CD2FFE744F21841C5F6020108689E
:1067B00020F07000049A126910430860FFE7FFE7B9
:1067C000049800780007002819D5FFE7049840696D
:1067D00044F21C41C5F60201096801F070018842CB
:1067E0000CD2FFE744F21C41C5F60201086820F014
:1067F0007000049A526910430860FFE7FFE70498AD
:106800000078C006002819D5FFE70498806944F293
:106810001C41C5F60201096801F4E06188420CD20E
:10682000FFE744F21C41C5F60201086820F4E0606D
:10683000049A926910430860FFE7FFE70498007824
:106840008006002819D5FFE70498C06944F220416A
:10685000C5F60201096801F0700188420CD2FFE719
:1068600044F22041C5F60201086820F07000049A45
:10687000D26910430860FFE7FFE700F089F844F2AF
:106880001842C5F602021168C1F303234BF66E717C
:10689000C0F60001CB5C03F01F03D84000900098C5
:1068A000126802F00F02895C01F01F01C84040F23B
:1068B0000401C2F200410860009840F20001C2F2F7
:1068C0000041086040F20C00C2F200400068FEF790
:1068D000BFF98DF80B009DF80B008DF81700FFE74E
:1068E0009DF8170006B080BD80B582B000F050F86A
:1068F00044F21842C5F602021168C1F303234BF6B5
:106900006E71C0F60001CB5C03F01F03D84001900C
:106910000198126802F00F02895C01F01F0120FA51
:1069200001F140F20400C2F200400160019940F21E
:106930000002C2F200421160006802B080BD000097
:1069400080B5FFF7D1FF44F21C41C5F6020109688A
:10695000C1F302124BF66E71C0F60001895C01F0C2
:106960001F01C84080BD000080B5FFF7BDFF44F2A5
:106970001C41C5F602010968C1F302224BF66E7193
:10698000C0F60001895C01F01F01C84080BD000015
:106990008AB044F21040C5F60200006800F03800EA
:1069A00001460191182800F269810199DFE811F090
:1069B00019006601660166016601660166016601ED
:1069C0003A006601660166016601660166016601BC
:1069D00040006601660166016601660166016601A6
:1069E000460044F20040C5F60200006800F02001B5
:1069F0000020B0EB511F0ED0FFE744F20040C5F677
:106A000002000068C0F3C10149F20000C0F2D030BA
:106A1000C840029005E049F20000C0F2D030029078
:106A2000FFE731E140F60010C0F23D0002902BE19B
:106A300047F64000C0F27D10029025E144F2284064
:106A4000C5F60200016801F0030108910068C0F377
:106A50000510079044F22C40C5F60200006800F0D3
:106A600001000690069844F23441C5F60201096817
:106A700089B2C908484300EE100AB8EE400A8DED0D
:106A8000040A0798002800F0F580FFE708980090B6
:106A900048B1FFE70098012869D0FFE70098022875
:106AA00000F08980ABE044F20040C5F602000068C7
:106AB00000F020010020B0EB511F33D0FFE744F27B
:106AC0000040C5F602000068C0F3C10149F20000B1
:106AD000C0F2D030C84005909DED050AB8EE400ADE
:106AE0009DED071AB8EE411A80EE010A44F23040DB
:106AF000C5F6020000686FF35F2001EE100AB8EEE1
:106B0000411A9DED042A9FED633A82EE032A31EE8D
:106B1000021AB7EE002A31EE021A20EE010A8DEDBC
:106B2000030A23E09DED070AB8EE401A9FED5B0AC9
:106B300080EE010A44F23040C5F6020000686FF3AF
:106B40005F2001EE100AB8EE411A9DED042A9FED78
:106B5000513A82EE032A31EE021AB7EE002A31EEE4
:106B6000021A20EE010A8DED030AFFE76BE09DEDAE
:106B7000070AB8EE401A9FED480A80EE010A44F277
:106B80003040C5F6020000686FF35F2001EE100A86
:106B9000B8EE411A9DED042A9FED3E3A82EE032A9B
:106BA00031EE021AB7EE002A31EE021A20EE010A87
:106BB0008DED030A47E09DED070AB8EE401A9FED00
:106BC000340A80EE010A44F23040C5F60200006843
:106BD0006FF35F2001EE100AB8EE411A9DED042A12
:106BE0009FED2C3A82EE032A31EE021AB7EE002A0C
:106BF00031EE021A20EE010A8DED030A23E09DED2D
:106C0000070AB8EE401A9FED240A80EE010A44F20A
:106C10003040C5F6020000686FF35F2001EE100AF5
:106C2000B8EE411A9DED042A9FED1A3A82EE032A2E
:106C300031EE021AB7EE002A31EE021A20EE010AF6
:106C40008DED030AFFE744F23040C5F6020000680C
:106C500081B2012000EB512009909DED030A9DEDCA
:106C6000091AB8EE411A80EE010ABCEEC00A8DED99
:106C7000020A02E000200290FFE705E040F6001063
:106C8000C0F23D000290FFE702980AB0704700BFD3
:106C900020BCBE4B000000460024744A0024744C03
:106CA00080B58CB00A900A9828B9FFE701208DF8CA
:106CB0002F0000F001BD0A980078C007002800F0FE
:106CC000B980FFE744F21040C5F60200006800F00A
:106CD0003800069044F22840C5F60200006805908E
:106CE000069810280AD0FFE7069818281CD1FFE75D
:106CF000059800F00300022816D1FFE744F2004097
:106D0000C5F60200006800F400310020B0EB514FDE
:106D100009D0FFE70A98406828B9FFE701208DF8FD
:106D20002F0000F0C9BC84E0FFE70A984068B0F586
:106D3000803F09D1FFE744F20041C5F6020108682F
:106D400040F48030086032E00A98406868B9FFE794
:106D500044F20041C5F60201086820F48030086062
:106D6000086820F48020086020E00A984068B0F5A8
:106D7000A02F0DD1FFE744F20041C5F602010868DB
:106D800040F480200860086840F4803008600CE01F
:106D900044F20041C5F60201086820F48030086022
:106DA000086820F480200860FFE7FFE7FFE7FFE7BF
:106DB0000A984068F0B1FFE7FDF7F2FE0990FFE79F
:106DC00044F20040C5F60200006800F400310020E3
:106DD000B0EB514F0DD1FFE7FDF7E2FE0999401AE4
:106DE000652805D3FFE703208DF82F0000F064BC71
:106DF000E6E71DE0FDF7D4FE0990FFE744F200400E
:106E0000C5F60200006800F400310020B0EB514FDD
:106E10000DD0FFE7FDF7C4FE0999401A652805D398
:106E2000FFE703208DF82F0000F046BCE6E7FFE700
:106E3000FFE7FFE70A9800788007002840F1C58047
:106E4000FFE744F21040C5F60200006800F0380089
:106E5000049044F22840C5F60200006803900498AC
:106E600050B1FFE70498182850D1FFE79DF80C00B7
:106E7000800700284AD1FFE744F20040C5F602002F
:106E8000006800F004010020B0EB910F09D0FFE78B
:106E90000A98C06828B9FFE701208DF82F0000F09C
:106EA0000BBC44F20041C5F60201086820F019004D
:106EB0000A9AD26810430860FDF772FE0990FFE756
:106EC00044F20040C5F60200006800F00401002012
:106ED000B0EB910F0CD1FFE7FDF762FE0999401A64
:106EE000032804D3FFE703208DF82F00E4E3E7E74E
:106EF00044F20441C5F60201086820F0FE400A9AF7
:106F0000126940EA02600860FFE75DE00A98C06825
:106F1000A0B3FFE744F20041C5F60201086820F083
:106F200019000A9AD26810430860FDF739FE0990EB
:106F3000FFE744F20040C5F60200006800F00401DB
:106F40000020B0EB910F0CD1FFE7FDF729FE099966
:106F5000401A032804D3FFE703208DF82F00ABE38A
:106F6000E7E744F20441C5F60201086820F0FE405C
:106F70000A9A126940EA0260086024E044F2004183
:106F8000C5F60201086820F001000860FDF708FE60
:106F90000990FFE744F20040C5F60200006800F0E7
:106FA00004010020B0EB910F0CD0FFE7FDF7F8FDD6
:106FB0000999401A032804D3FFE703208DF82F0016
:106FC0007AE3E7E7FFE7FFE7FFE70A980078C00604
:106FD000002840F1A080FFE744F21040C5F602000F
:106FE000006800F03800029044F22840C5F6020024
:106FF00000680190029808280AD0FFE70298182834
:107000002BD1FFE7019800F00300012825D1FFE70D
:1070100044F20040C5F60200006800F480710020D0
:10702000B0EB112F09D0FFE70A98C069802804D07F
:10703000FFE701208DF82F003EE3FFE744F20C410B
:10704000C5F60201086820F07C500A9A126A40EAEC
:1070500002600860FFE7FFE75CE00A98C06998B348
:10706000FFE744F20041C5F60201086840F08000E5
:107070000860FDF795FD0990FFE744F20040C5F672
:107080000200006800F480710020B0EB112F0CD1D9
:10709000FFE7FDF785FD0999401A032804D3FFE7B0
:1070A00003208DF82F0007E3E7E7FFE744F20C41E8
:1070B000C5F60201086820F07C500A9A126A40EA7C
:1070C00002600860FFE724E044F20041C5F60201D7
:1070D000086820F080000860FDF762FD0990FFE776
:1070E00044F20040C5F60200006800F48071002000
:1070F000B0EB112F0CD0FFE7FDF752FD0999401AB4
:10710000032804D3FFE703208DF82F00D4E2E7E73C
:10711000FFE7FFE7FFE70A980078000700284FD550
:10712000FFE70A98406928B3FFE744F27441C5F6C7
:107130000201086840F001000860FDF731FD099088
:10714000FFE744F27440C5F60200006800F0020157
:107150000020B0EB510F0CD1FFE7FDF721FD09999D
:10716000401A032804D3FFE703208DF82F00A3E281
:10717000E7E724E044F27441C5F60201086820F014
:1071800001000860FDF70CFD0990FFE744F2744030
:10719000C5F60200006800F002010020B0EB510FBC
:1071A0000CD0FFE7FDF7FCFC0999401A032804D333
:1071B000FFE703208DF82F007EE2E7E7FFE7FFE718
:1071C0000A980078800600284FD5FFE70A98806962
:1071D00028B3FFE744F20041C5F60201086840F415
:1071E00080500860FDF7DCFC0990FFE744F20040A6
:1071F000C5F60200006800F400510020B0EB513FDA
:107200000CD1FFE7FDF7CCFC0999401A032804D301
:10721000FFE703208DF82F004EE2E7E724E044F279
:107220000041C5F60201086820F480500860FDF7AF
:10723000B7FC0990FFE744F20040C5F60200006881
:1072400000F400510020B0EB513F0CD0FFE7FDF7F8
:10725000A7FC0999401A032804D3FFE703208DF8FF
:107260002F0029E2E7E7FFE7FFE70A9800784007E9
:10727000002840F1A780FFE744F60001C5F60201AF
:10728000086840F480700860FDF78AFC0990FFE709
:1072900044F60000C5F602000068C00500280CD4C2
:1072A000FFE7FDF77DFC0999401A652804D3FFE745
:1072B00003208DF82F00FFE1EAE7FFE70A988068D6
:1072C000012809D1FFE744F27041C5F602010868C0
:1072D00040F00100086031E00A98806868B9FFE773
:1072E00044F27041C5F60201086820F00100086010
:1072F000086820F0040008601FE00A9880680528EC
:107300000DD1FFE744F27041C5F60201086840F074
:1073100004000860086840F0010008600CE044F2D6
:107320007041C5F60201086820F001000860086895
:1073300020F004000860FFE7FFE7FFE7FFE70A9897
:107340008068F8B1FFE7FDF72BFC0990FFE744F2F6
:107350007040C5F60200006800F002010020B0EBAA
:10736000510F0ED1FFE7FDF71BFC0999401A41F2BE
:107370008931884204D3FFE703208DF82F009BE179
:10738000E5E71EE0FDF70CFC0990FFE744F27040D2
:10739000C5F60200006800F002010020B0EB510FBA
:1073A0000ED0FFE7FDF7FCFB0999401A41F2893145
:1073B000884204D3FFE703208DF82F007CE1E5E746
:1073C000FFE7FFE70A98406A002800F07181FFE7B5
:1073D00044F21040C5F60200006800F0380018289A
:1073E00000F0E080FFE70A98406A022840F0B4808D
:1073F000FFE744F20041C5F60201086820F0807002
:107400000860FDF7CDFB0990FFE744F20040C5F6A8
:107410000200006800F000710020B0EB516F0CD04A
:10742000FFE7FDF7BDFB0999401A032804D3FFE7E6
:1074300003208DF82F003FE1E7E7FFE744F2284102
:10744000C5F60201086840F2F33290430A9B9A6A3B
:10745000DB6A42EA0312104308600A99086BD1F80C
:1074600034C08B6BCA6B01386FF35F204FF600613D
:10747000CFF6FF7101EB4C2189B208440021CFF611
:10748000FF7101EB034101F4FE0108444FF07F411D
:1074900001EB026101F0FE41084444F23041C5F6BF
:1074A00002010860FFE744F22C41C5F60201009199
:1074B000086820F00100086044F23442C5F6020278
:1074C00010684FF6F87398430A9B9B6C40EAC30020
:1074D0001060086820F00C000A9A126C10430860D3
:1074E000086820F002000A9A526C1043086008688D
:1074F00040F480300860086840F400300860086894
:1075000040F480200860086840F00100086044F200
:107510000041C5F60201086840F080700860FDF780
:107520003FFB0990FFE744F20040C5F60200006807
:1075300000F000710020B0EB516F0CD1FFE7FDF7B8
:107540002FFB0999401A032804D3FFE703208DF885
:107550002F00B1E0E7E724E044F20041C5F6020164
:10756000086820F080700860FDF71AFB0990FFE7BB
:1075700044F20040C5F60200006800F000710020EF
:10758000B0EB516F0CD0FFE7FDF70AFB0999401AE9
:10759000032804D3FFE703208DF82F008CE0E7E7F2
:1075A000FFE784E044F22840C5F602000068089036
:1075B00044F23040C5F60200006807900A98406A1D
:1075C000012837D0FFE7089800F003000A99896A7C
:1075D00088422FD1FFE7089800F47C710A98C06AAE
:1075E000B0EB111F26D1FFE707986FF35F200A99D0
:1075F000096B013988421DD1FFE7BDF81C100A98BC
:10760000406B0138B0EB512F14D1FFE7079800F41D
:10761000FE010A98806B0138B0EB114F0AD1FFE7E9
:10762000079800F0FE410A98C06B0138B0EB116F6B
:1076300004D0FFE701208DF82F003DE044F23440F4
:10764000C5F60200006880B2C00808900A98806CF5
:107650000899884229D0FFE744F22C41C5F602017F
:10766000086820F001000860FDF79AFA0990FFE72A
:10767000FDF796FA0999401A08B9FFE7F8E744F2CE
:107680003441C5F6020108684FF6F87290430A9A31
:10769000926C40EAC200086044F22C41C5F6020137
:1076A000086840F001000860FFE7FFE7FFE7FFE739
:1076B00000208DF82F00FFE79DF82F000CB080BD53
:1076C00080B584B00290FFE7029890F8800001280E
:1076D00004D1FFE702208DF80F00F0E002990120AD
:1076E00081F88000FFE7FFE70299072081F8810019
:1076F00000208DF8070040F20000C2F20040006850
:107700004AF6AB21CAF6AA21A0FB0110000944F6F3
:10771000D351C1F26201A0FB0110800964214843EA
:107720000090029800680068800500285DD5FFE79A
:1077300002980168086920F008000861FFE70098D6
:1077400001380090009840B9FFE70299D1F8840011
:1077500040F04000C1F8840008E0FFE702980068AC
:10776000006900F008000828E9D0FFE702980168E6
:10777000086840F480600860FFE7009801380090D6
:10778000009840B9FFE70299D1F8840040F040002A
:10779000C1F8840009E0FFE702980068006800F47F
:1077A0000070B0F5007FE8D0FFE7029801688869B3
:1077B00040F400608861FFE700980138009000986D
:1077C00040B9FFE70299D1F8840040F04000C1F8C9
:1077D000840009E0FFE702980068406900F4006057
:1077E000B0F5006FE8D0FFE7FFE702980068806817
:1077F000000400281DD5FFE70298806FC0B1FFE7A5
:107800000298816F002008650298806FF9F778FE72
:1078100068B1FFE70298806FFAF786FE202805D14D
:10782000FFE702994020C1F88400FFE7FFE7FFE788
:10783000FFE7029800688068400400281DD5FFE734
:107840000298C06FC0B1FFE70298C16F00200865C1
:107850000298C06FF9F754FE68B1FFE70298C06F55
:10786000FAF762FE202805D1FFE702994020C1F80F
:107870008400FFE7FFE7FFE7FFE7029802F0D0F898
:107880000298D0F884004006002804D5FFE70120C4
:107890008DF8070004E002990020C1F88400FFE79A
:1078A0000299012081F88100FFE70299002081F808
:1078B0008000FFE79DF807008DF80F00FFE79DF8B7
:1078C0000F0004B080BD000081B0009001B070478F
:1078D00081B000900098D0F8840001B0704700009B
:1078E00081B00090009890F8810001B070470000CE
:1078F00080B588B0079007980068006906900798DF
:10790000006840690590069805990840049007981A
:1079100000688068039000200290079890F881002A
:107920008DF8070007980068303000909DF815002A
:107930000007002810D5FFE79DF818000007002871
:107940000AD5FFE707980168886940F400608861FC
:10795000079800F0A9FB91E19DF81000400600286F
:1079600015D4FFE79DF81000800600280FD4FFE72C
:107970009DF810004007002809D5FFE70798416FE0
:1079800088470798016F884701200290FFE79DF81C
:1079900010004006002811D4FFE79DF81000C00732
:1079A00060B1FFE79DF810004007002806D4FFE70C
:1079B0000798016F884701200290FFE79DF81000AB
:1079C0008006002812D4FFE79DF8100080070028E9
:1079D0000CD5FFE79DF810004007002806D4FFE70C
:1079E0000798416F884701200290FFE7029808B18D
:1079F000FFE743E19DF810000007002840F189806F
:107A0000FFE707980168886940F0080088610798D7
:107A10000168886940F010008861079801688869EA
:107A200040F40060886107980168086920F0080048
:107A3000086107980068806810F4404F3AD1FFE76A
:107A4000FFE70798B0F86A0098B3FFE70798C068A7
:107A500010280BD3FFE707980068006B0799496E61
:107A600008600799486E043048661BE00798C068B4
:107A700008280AD3FFE7009800880799496E088014
:107A80000799486E023048660BE00798006890F846
:107A900030000799496E08700799486E01304866B2
:107AA000FFE7FFE70799B1F86A000138A1F86A001B
:107AB000C7E7FFE7079801F0FBFF0799012081F86E
:107AC00081000798D0F8840020B1FFE70798FFF7FE
:107AD000FBFED3E09DF80700052804D1FFE70798D7
:107AE00000F0BAFC14E09DF80700042804D1FFE779
:107AF000079800F0D5FA0AE09DF80700032804D1A2
:107B0000FFE7079800F0A4FC00E0FFE7FFE7FFE7CE
:107B1000B4E0BDF8100010F4587F00F0AF80FFE72C
:107B20009DF81000400600280ED5FFE70799D1F810
:107B3000840040F00400C1F8840007980168886957
:107B400040F040008861FFE79DF8110080070028A1
:107B50000ED5FFE70799D1F8840040F00100C1F885
:107B6000840007980168886940F400708861FFE725
:107B70009DF81100C00770B1FFE70799D1F88400A4
:107B800040F00800C1F8840007980168886940F453
:107B900080708861FFE79DF81000800600280ED5F0
:107BA000FFE70799D1F8840040F08000C1F8840015
:107BB00007980168886940F020008861FFE707980E
:107BC000D0F88400002858D0FFE7079801680868BB
:107BD00020F00100086007980168086940F26B32E4
:107BE00090430861039800F44040B0F5404F3BD10A
:107BF000FFE707980168886820F44040886007988C
:107C0000C06FB0B1FFE70798C16F49F6C930C0F641
:107C1000000008650798C06FFAF72EF940B1FFE73A
:107C20000799D1F8840040F04000C1F88400FFE7D4
:107C3000FFE70798806FB0B1FFE70798816F49F6BB
:107C4000C930C0F6000008650798806FFAF714F98C
:107C500040B1FFE70799D1F8840040F04000C1F837
:107C60008400FFE7FFE707E00799012081F8810022
:107C70000798FFF729FEFFE7FFE7FFE708B080BDA1
:107C800080B586B00490049820B9FFE701208DF8F4
:107C900017003AE10498406A08B9FFE7FFE7049942
:107CA000002088620498006843F20001C4F20101D8
:107CB00088421BD0FFE70498006843F60001C4F235
:107CC0000001884212D0FFE70498006843F60041A3
:107CD000C4F20001884209D0FFE70498C068102868
:107CE00004D3FFE701208DF817000EE1049801F09E
:107CF000D3FF02900498006843F20001C4F201012E
:107D0000884216D0FFE70498006843F60001C4F2E9
:107D1000000188420DD0FFE70498006843F6004157
:107D2000C4F20001884204D0FFE7029808281FD857
:107D3000FFE70498006843F20001C4F201018842A1
:107D400012D0FFE70498006843F60001C4F2000176
:107D5000884209D0FFE70498006843F60041C4F266
:107D60000001884208D1FFE70298112804D3FFE7F9
:107D700001208DF81700C8E0049890F8810040B900
:107D8000FFE70499002081F88000049800F0C4F80F
:107D9000FFE70499022081F88100049801680868CF
:107DA00020F00100086004980068806800F4F81072
:107DB000039004988069B0F1806F1BD1FFE70498AD
:107DC0004068B0F5800F04D1FFE70498806B50B194
:107DD000FFE70498406868B9FFE70498806BB0F14A
:107DE000805F07D1FFE704980168086840F480507D
:107DF0000860FFE7049880794006002810D5FFE767
:107E00000498C06807280BD3FFE70498006800684F
:107E100020F48070049A1168126D1043086006E027
:107E200004980168086820F480700860FFE7049BEC
:107E30001968DA68D869D3F828C040EA0C00DDF880
:107E40000CC040EA0C00DB6B184310438860049AB6
:107E50000192506B516A0843916B08439169084342
:107E60001168D2F804C09368D2F810E040EA0E001E
:107E7000D2F814E040EA0E00D2F820E040EA0E000A
:107E800040EA0C00D2F84CC040EA0C001843936C56
:107E90001843926D1043C8600498406898B9FFE792
:107EA000049800688068012161F3CC200499096876
:107EB0008860049800688068022161F34A20049970
:107EC00009688860FFE704980168086D20F00100E8
:107ED000086504988079400600280BD5FFE70498D0
:107EE0000068C06820F00040049A1168526D104389
:107EF000C860FFE704990020C1F88400049A0121BA
:107F000082F881108DF81700FFE79DF8170006B082
:107F100080BD00000000000080B5BEB03D90002094
:107F20003C903B903A90399038900AA8B821F8F7E5
:107F3000C1FA3D98006843F20001C4F20101884291
:107F400040F0A980FFE700200B904FF480510A9188
:107F500021900AA8FDF784FA18B1FFE7F9F7B8FAFB
:107F6000FFE7FFE744F2F040C5F60200016841F484
:107F700080510160006800F4805009900998FFE783
:107F8000FFE744F2E040C5F60200016841F001015C
:107F90000160006800F0010008900898FFE72020C9
:107FA00038900220039039903A903B90052004903D
:107FB0003C900020C5F60200059038A90691FCF718
:107FC000F7FB039B049A059806994FF0C00CCDF877
:107FD000E0C039934FF0010CCDF8E8C03B933C92E0
:107FE000FCF7E6FB40F23410C2F20040079010218B
:107FF000C4F202010160262141604021816000211C
:10800000C1604FF48062026141618161C1610162BE
:108010004162FBF771FB18B1FFE7F9F759FAFFE787
:10802000FFE73D9840F23411C2F2004181673D986C
:108030008863FFE740F2BC00C2F2004002902821B2
:10804000C4F2020101602521416000218160C1600C
:108050004FF48062026141618161C16101624162EC
:10806000FBF74AFB18B1FFE7F9F732FAFFE7FFE742
:108070003D9840F2BC01C2F20041C1673D9888635F
:10808000FFE72320019000221146FCF7B1FE019882
:10809000FCF7A2FEFFE73EB080BD0000000000003C
:1080A00081B0009001B0704781B0009001B070477E
:1080B00080B586B0049003910292ADF80630049822
:1080C00090F88100012804D0FFE702208DF8170006
:1080D000B9E1039838B1FFE7029820B1FFE7BDF896
:1080E000060020B9FFE701208DF81700ABE1FFE79C
:1080F000049890F88000012804D1FFE702208DF851
:108100001700A0E10499012081F88000FFE7FFE754
:108110000499052081F8810004990020C1F88400A9
:108120000399049AD165BDF80610049AA2F860106C
:10813000BDF80610049AA2F862100299049A5166DA
:10814000BDF80610049AA2F86810BDF80610049A4B
:10815000A2F86A10049908670499486704980068AF
:10816000C06820F4C02004990968C86004980168B8
:10817000886820F4404088600498C06810280ED3B6
:10818000FFE70498C06F8069B0F5804F28D1FFE702
:108190000498806F8069B0F5804F21D1FFE7049883
:1081A000C068082826D3FFE70498C06F8069B0F53F
:1081B000005F07D0FFE70498C06F8069B0F5804F7B
:1081C0000ED1FFE70498806F8069B0F5005F11D091
:1081D000FFE70498806F8069B0F5804F0AD0FFE711
:1081E000FFE70499002081F88000FFE701208DF867
:1081F000170028E10498C068072841D8FFE70498D1
:10820000806F8069B0F5005F09D1FFE70498B0F88E
:108210006200013040080499A1F86200FFE7049869
:10822000806F8069B0F5804F09D1FFE70498B0F8FE
:108230006200033080080499A1F86200FFE7049807
:10824000C06F8069B0F5005F09D1FFE70498B0F80E
:108250006A00013040080499A1F86A00FFE7049819
:10826000C06F8069B0F5804F09D1FFE70498B0F87E
:108270006A00033080080499A1F86A00FFE727E04C
:108280000498C0680F2821D8FFE70498806F8069A0
:10829000B0F5804F09D1FFE70498B0F862000130D3
:1082A00040080499A1F86200FFE70498C06F806954
:1082B000B0F5804F09D1FFE70498B0F86A000130AB
:1082C00040080499A1F86A00FFE700E0FFE7FFE734
:1082D0000498C16F49F63940C0F60000086404985C
:1082E000C16F49F65140C0F60000C8630498C16FE1
:1082F00049F6F930C0F60000C8640498C16F002048
:108300000865049B19685A6ED86F3031B3F86A302B
:10831000FBF7A6FEA8B1FFE70499D1F8840040F06E
:108320001000C1F884000499012081F88100FFE762
:108330000499002081F88000FFE701208DF81700E4
:1083400081E004980168886840F48040886004985F
:10835000816F002008640499896FC8630499896F4C
:1083600008650498816F49F6F930C0F60000C864CA
:10837000049B1A68D96D986F2032B3F86230FBF70E
:108380006FFEC8B1FFE70498C06FF9F7B9F8049918
:10839000D1F8840040F01000C1F884000499012055
:1083A00081F88100FFE70499002081F88000FFE751
:1083B00001208DF8170046E00498806FC069B0F581
:1083C000807F0AD1FFE70498006840684FF6FF718C
:1083D00088430499096848600CE004980068406884
:1083E0004FF6FF718843BDF80610084404990968E8
:1083F0004860FFE704980168886840F4004088609E
:1084000004980168086940F458700861049801688C
:10841000086840F00100086004984068B0F5800FDB
:1084200007D1FFE704980168086840F4007008600D
:10843000FFE7FFE70499002081F88000FFE70020B4
:108440008DF81700FFE79DF8170006B080BD00000B
:1084500081B0009001B0704781B0009001B07047CA
:1084600081B0009001B0704780B582B00190019852
:1084700001F02EFC02B080BD83B00190FFE70198AF
:1084800090F88400012804D1FFE702208DF80B004A
:108490002CE00199012081F88400FFE7FFE70199B2
:1084A0002420C1F8880001980068006800900198B5
:1084B0000168086820F001000860009820F0005072
:1084C00000900199002048660098019909680860A9
:1084D00001992020C1F88800FFE70199002081F868
:1084E0008400FFE700208DF80B00FFE79DF80B00EC
:1084F00003B070470000000080B586B0049003917F
:10850000ADF80A200498D0F88C00202844D1FFE769
:10851000039820B1FFE7BDF80A0020B9FFE701206A
:108520008DF817003CE004990120C86604990020EA
:10853000086704980399BDF80A2002F0F5FE8DF84B
:1085400009009DF8090010BBFFE70498C06E0128E0
:1085500018D1FFE70498016810200862FFE7FFE7E1
:108560000498006850E8000F40F010000190FFE709
:1085700001990498026842E800100028F0D1FFE752
:10858000FFE703E001208DF80900FFE7FFE79DF812
:1085900009008DF8170003E002208DF81700FFE7AF
:1085A0009DF8170006B080BD80B584B00390ADF88B
:1085B0000A100398F8F700F90190019820B1FFE73D
:1085C0000198806808B9FFE712E0BDF80A0058B1C9
:1085D000FFE70198006938B1FFE7019881680369F6
:1085E000BDF80A209847FFE70198F8F7FDF9FFE783
:1085F00004B080BD0000000081B0009001B0704761
:1086000080B584B002900191FFE7029890F8840051
:10861000012804D1FFE702208DF80F0032E0029913
:10862000012081F88400FFE7FFE702992420C1F8C8
:108630008800029800680068009002980168086845
:1086400020F00100086002980068806820F06060F7
:1086500001990843029909688860029801F088FC32
:10866000009802990968086002992020C1F88800E2
:10867000FFE70299002081F88400FFE700208DF8D1
:108680000F00FFE79DF80F0004B080BD0000000060
:1086900080B584B002900191FFE7029890F88400C1
:1086A000012804D1FFE702208DF80F0032E0029983
:1086B000012081F88400FFE7FFE702992420C1F838
:1086C00088000298006800680090029801680868B5
:1086D00020F00100086002980068806820F0604087
:1086E00001990843029909688860029801F040FCEA
:1086F000009802990968086002992020C1F8880052
:10870000FFE70299002081F88400FFE700208DF840
:108710000F00FFE79DF80F0004B080BD00000000CF
:1087200081B0009001B0704781B0009001B07047F7
:1087300081B0009001B0704780B592B0119011984F
:108740000068C06910901198006800680F90119837
:10875000006880680E90109840F60F0108400D9058
:108760000D98E0B9FFE79DF840008006002815D578
:10877000FFE79DF83C008006002806D4FFE79DF83F
:108780003B00C006002809D5FFE71198406F20B1D3
:10879000FFE71198416F8847FFE74AE3FFE70D982D
:1087A000002800F00C81FFE70E980121C1F20001C2
:1087B000084209D1FFE70F9840F22011C0F20041B2
:1087C000084200F0FC80FFE79DF84000C00788B138
:1087D000FFE79DF83D00C00760B1FFE71198016811
:1087E000012008621199D1F8900040F00100C1F811
:1087F0009000FFE79DF840008007002811D5FFE7B3
:108800009DF83800C00760B1FFE7119801680220A9
:1088100008621199D1F8900040F00400C1F890006E
:10882000FFE79DF840004007002811D5FFE79DF8BD
:108830003800C00760B1FFE71198016804200862A2
:108840001199D1F8900040F00200C1F89000FFE7C4
:108850009DF840000007002819D5FFE79DF83C006F
:108860008006002807D4FFE70E980121C1F200011D
:1088700008420CD0FFE7119801680820086211999E
:10888000D1F8900040F00800C1F89000FFE79DF893
:1088900041000007002813D5FFE79DF83F0040077F
:1088A00000280DD5FFE7119801684FF400600862B9
:1088B0001199D1F8900040F02000C1F89000FFE736
:1088C0001198D0F89000002878D0FFE79DF840007C
:1088D0008006002815D5FFE79DF83C00800600289B
:1088E00006D4FFE79DF83B00C006002809D5FFE746
:1088F0001198406F20B1FFE71198416F8847FFE75B
:10890000FFE71198D0F890000C90119800688068EB
:1089100000F04000402806D0FFE79DF8300010F03E
:10892000280F42D0FFE7119801F032FF119800683C
:1089300080684006002833D5FFE7FFE7FFE711987E
:10894000006850E8020F20F040000B90FFE70B9901
:108950001198026842E802100028F0D1FFE7FFE713
:108960001198D0F88000B0B1FFE71198D0F88010CE
:108970004AF28920C0F6000008651198D0F88000FE
:10898000F9F77AFA30B1FFE71198D0F88000016D5D
:108990008847FFE703E01198FFF7CAFEFFE703E00F
:1089A0001198FFF7C5FEFFE707E01198FFF7C0FE3B
:1089B00011990020C1F89000FFE7FFE739E2119814
:1089C000C06E012840F0D681FFE79DF84000C00648
:1089D000002840F1CF81FFE79DF83C00C006002849
:1089E00040F1C881FFE711980168102008621198D2
:1089F000006880684006002840F15A81FFE711981E
:108A0000D0F8800000681021C4F20201884200F012
:108A1000A280FFE71198D0F8800000682821C4F2F6
:108A20000201884200F09780FFE71198D0F880009B
:108A300000684021C4F20201884200F08C80FFE708
:108A40001198D0F8800000685821C4F202018842D1
:108A500000F08180FFE71198D0F880000068702155
:108A6000C4F20201884276D0FFE71198D0F8800066
:108A700000688821C4F2020188426CD0FFE7119897
:108A8000D0F880000068A021C4F20201884262D0C0
:108A9000FFE71198D0F880000068B821C4F2020105
:108AA000884258D0FFE71198D0F88000006840F263
:108AB0001041C4F2020188424DD0FFE71198D0F86E
:108AC0008000006840F22841C4F20201884242D08E
:108AD000FFE71198D0F88000006840F24041C4F2EE
:108AE0000201884237D0FFE71198D0F88000006873
:108AF00040F25841C4F2020188422CD0FFE711989D
:108B0000D0F88000006840F27041C4F2020188424F
:108B100021D0FFE71198D0F88000006840F288412A
:108B2000C4F20201884216D0FFE71198D0F8800005
:108B3000006840F2A041C4F2020188420BD0FFE776
:108B40001198D0F88000006840F2B841C4F20201E8
:108B5000884207D1FFE71198D0F88000006840688C
:108B6000019006E01198D0F88000006840680190FC
:108B7000FFE70198ADF82A00BDF82A0000287BD055
:108B8000FFE7BDF82A001199B1F85C10884273DA4A
:108B9000FFE7BDF82A001199A1F85E001198D0F8FE
:108BA0008000C069B0F5807F59D0FFE7FFE7FFE79D
:108BB0001198006850E8000F20F480700990FFE7DA
:108BC00009991198026842E800100028F0D1FFE7E7
:108BD000FFE7FFE7FFE71198006850E8020F20F079
:108BE00001000890FFE708991198026842E8021016
:108BF0000028F0D1FFE7FFE7FFE7FFE711980068E3
:108C000050E8020F20F040000790FFE70799119805
:108C1000026842E802100028F0D1FFE7FFE711994F
:108C20002020C1F88C0011990020C866FFE7FFE7FB
:108C30001198006850E8000F20F010000690FFE740
:108C400006991198026842E800100028F0D1FFE769
:108C5000FFE71198D0F88000F8F752FCFFE7119970
:108C6000022008671198B0F85C10B0F85E20891AED
:108C700089B2FFF799FC1AE0BDF82A001199B1F802
:108C80005C10884212D1FFE71198D0F88000C069CB
:108C9000B0F5807F09D1FFE711990220086711988C
:108CA000B0F85C10FFF780FCFFE7FFE7FFE7C0E0EC
:108CB0001199B1F85C00B1F85E10401AADF81600D9
:108CC0001198B0F85E00002853D0FFE7BDF81600F9
:108CD00000284ED0FFE7FFE7FFE71198006850E853
:108CE000000F20F490700490FFE704991198026837
:108CF00042E800100028F0D1FFE7FFE7FFE7FFE7B9
:108D00001198006850E8020F4FF6FE71CEF6FF7121
:108D100008400390FFE703991198026842E80210A7
:108D20000028EDD1FFE7FFE711992020C1F88C0062
:108D300011990020C86611994867FFE7FFE711986D
:108D4000006850E8000F20F010000290FFE7029941
:108D50001198026842E800100028F0D1FFE7FFE711
:108D60001199022008671198BDF81610FFF71CFC36
:108D7000FFE75EE09DF84200C00600280FD5FFE740
:108D80009DF83A004006002809D5FFE711980168D0
:108D90004FF4801008621198FFF7C6FC49E09DF877
:108DA00040000006002815D5FFE79DF83C000006AE
:108DB000002806D4FFE79DF83A000006002809D5F0
:108DC000FFE71198806F20B1FFE71198816F884706
:108DD000FFE72EE09DF84000400600280AD5FFE797
:108DE0009DF83C004006002804D5FFE7119801F0EB
:108DF0001FFD1EE09DF84200000600280AD5FFE78F
:108E00009DF83F004006002804D5FFE71198FFF7C2
:108E100087FC0EE09DF84300C00750B1FFE79DF8C6
:108E20003F000006002804D5FFE71198FFF7E4FB98
:108E3000FFE712B080BD000080B582B000900098BE
:108E400020B9FFE701208DF8070046E0009880690F
:108E500008B1FFE700E0FFE70098D0F8880040B9CC
:108E6000FFE70099002081F88400009800F03CF8AA
:108E7000FFE700992420C1F888000098016808687D
:108E800020F0010008600098806A20B1FFE7009898
:108E900001F0B2F8FFE7009801F01EFD012804D1AF
:108EA000FFE701208DF8070017E000980168486887
:108EB00020F49040486000980168886820F02A00FB
:108EC000886000980168086840F001000860009818
:108ED00001F036F98DF80700FFE79DF8070002B0B2
:108EE00080BD00000000000080B5C0B03F900020B1
:108EF0003E903D903C903B903A900CA8B821F7F7FB
:108F0000D9FA3F98006841F20001C4F20101884299
:108F100046D1FFE700200D9001210C912A900CA86A
:108F2000FCF79EFA18B1FFE7F8F7D2FAFFE7FFE780
:108F300044F2F040C5F60200016841F01001016002
:108F4000006800F010000B900B98FFE7FFE744F279
:108F5000E040C5F60200016841F0010101600068CF
:108F600000F001000A900A98FFE74FF4C0603A90C1
:108F700002203B90002006903C903D9007203E90C0
:108F80000020C5F602003AA9FBF712FC069A25203C
:108F900007901146FBF72CFF0798FBF71DFF60E0D9
:108FA0003F98006841F60041C4F20101884257D160
:108FB000FFE700200D9001210C912A900CA8FCF7EE
:108FC0004FFA18B1FFE7F8F783FAFFE7FFE744F23B
:108FD000F040C5F60200016841F0800101600068C0
:108FE00000F0800009900998FFE7FFE744F2E040B5
:108FF000C5F60200016841F010010160006800F050
:10900000100008900898FFE704203A90022101918F
:109010003B91002104913C913D913E9041F2000032
:10902000C5F6020002903AA90391FBF7C1FB019B30
:1090300002980399049A4FF0080CCDF8E8C03B93CE
:109040003C923D920B223E92FBF7B2FB049A9C208D
:1090500005901146FBF7CCFE0598FBF7BDFEFFE738
:10906000FFE740B080BD000081B0009001B07047C4
:1090700081B0009001B0704780B58AB00890079128
:10908000ADF81A2005930898D0F88800202840F001
:109090009580FFE7079820B1FFE7BDF81A0020B9D7
:1090A000FFE701208DF827008CE008990020C1F827
:1090B000900008992120C1F88800FBF771FD02900B
:1090C000BDF81A000899A1F85400BDF81A000899D3
:1090D000A1F8560008988068B0F5805F09D1FFE7D5
:1090E0000898006928B9FFE70020049007980390CA
:1090F00004E00798049000200390FFE7FFE708983A
:10910000B0F8560000283ED0FFE70898029B05996A
:109110006A4611608021002202F09EF940B1FFE70B
:1091200008992020C1F8880003208DF8270049E025
:10913000049858B9FFE7039800886FF35F200899F7
:109140000968886203980230039008E00498007868
:10915000089909688862049801300490FFE708982C
:10916000D0F8880000F02100212807D1FFE70899F6
:10917000B1F856000138A1F8560003E001208DF83F
:1091800027001FE0BBE70898029B05996A4611601B
:109190004021002202F060F940B1FFE70899202049
:1091A000C1F8880003208DF827000BE008992020E3
:1091B000C1F8880000208DF8270003E002208DF818
:1091C0002700FFE79DF827000AB080BD00000000DF
:1091D00080B586B004900391ADF80A200498D0F8C9
:1091E0008800202870D1FFE7039820B1FFE7BDF881
:1091F0000A0020B9FFE701208DF8170068E0039806
:1092000004990865BDF80A000499A1F85400BDF856
:109210000A000499A1F8560004990020C1F89000B2
:1092200004992120C1F888000498C06F88B3FFE733
:109230000498C16F4AF2F960C0F60000C863049850
:10924000C16F4AF27970C0F6000008640498C16FDB
:109250004AF2A120C0F60000C8640498C16F002043
:10926000086504980268016DC06F2832BDF80A30A5
:10927000FAF7F6FE60B1FFE704991020C1F89000FC
:1092800004992020C1F8880001208DF817001FE004
:10929000FFE70498016840200862FFE7FFE70498B1
:1092A000006850E8020F40F080000190FFE701994C
:1092B0000498026842E802100028F0D1FFE7FFE7B7
:1092C00000208DF8170003E002208DF81700FFE75B
:1092D0009DF8170006B080BD80B582B0019001985E
:1092E000F7F76AFA0090009848B1FFE70098007914
:1092F000012804D1FFE7009900208873FFE702B03E
:1093000080BD00000000000081B0009001B07047F7
:10931000FFE7FEE70000000080B586B00020019066
:109320000590049003900290FBF716FD019801212F
:109330008DF808108DF8090003901F228DF8102079
:1093400087228DF811208DF812008DF813008DF80A
:1093500014108DF815108DF816008DF8170002A85E
:10936000FBF7BAFC0420FBF70BFD06B080BD000044
:1093700080B584B0FFE744F2D840C5F6020001682A
:1093800041F001010160006800F0010003900398C2
:10939000FFE70B200090002201921146FBF728FD09
:1093A0000098FBF719FD019A0C2002901146FBF77B
:1093B0001FFD0298FBF710FD04B080BD0000000007
:1093C00080B58CB000200B900A900990089007900F
:1093D000FFE744F2E040C5F60200016841F01001E9
:1093E0000160006800F0100006900698FFE7FFE7B4
:1093F00044F2E040C5F60200016841F080010160DE
:10940000006800F0800005900598FFE7FFE744F250
:10941000E040C5F60200016841F00101016000680A
:1094200000F0010004900498FFE70020C5F6020058
:1094300003901021019101220292FBF799FB019AFE
:109440000299039807920891099102210A9107A9AC
:10945000FBF7AEF90CB080BD80B582B040F2AC1025
:10946000C2F20040009043F20001C4F20101016029
:109470004FF4800141600021019181600722C260A8
:10948000016141614FF0806282614FF08042C261B0
:10949000016241628162C16241638163C1630164AF
:1094A00041648164C16401654FF000424265816599
:1094B000FEF7E6FB18B1FFE7F8F70AF8FFE702B09E
:1094C00080BD00000000000080B582B040F2C820DE
:1094D000C2F20040009041F60041C4F20101016077
:1094E0004FF4E1314160002101918160C16001616F
:1094F0000C2242618161C161016241628162FFF7B8
:109500009BFC18B1FFE7F7F7E3FFFFE740F2C82045
:10951000C2F200400021FFF7BBF818B1FFE7F7F7F0
:10952000D7FFFFE740F2C820C2F200400021FFF75A
:1095300067F818B1FFE7F7F7CBFFFFE740F2C82065
:10954000C2F20040FEF798FF18B1FFE7F7F7C0FF3F
:10955000FFE702B080BD000080B582B040F2342049
:10956000C2F20040009041F20001C4F2010101602A
:109570004FF4E1314160002101918160C1600161DE
:109580000C2242618161C161016241628162FFF727
:1095900053FC18B1FFE7F7F79BFFFFE740F23420D9
:1095A000C2F200400021FFF773F818B1FFE7F7F7A8
:1095B0008FFFFFE740F23420C2F200400021FFF7A6
:1095C0001FF818B1FFE7F7F783FFFFE740F23420F9
:1095D000C2F20040FEF750FF18B1FFE7F7F778FF3F
:1095E000FFE702B080BD0000FFE7FEE700000000DB
:1095F000FFE7FEE70000000088B0079006910592A3
:10960000079800F0070004900498C0F107000528AF
:1096100003D3FFE70420019004E00498C0F10700A1
:109620000190FFE70198039004980430062803D8BE
:10963000FFE70020009003E0049803380090FFE764
:109640000098029006980399012202FA01F101396B
:109650000840029B984005999A40013A11400843FE
:1096600008B07047000000007047000000000000D4
:1096700080B586B00490039100208DF8070044F275
:109680002840C5F60200006800F00300032804D15A
:10969000FFE701208DF81700CBE044F20041C5F64A
:1096A0000201086820F080600860FBF779FA0290F8
:1096B000FFE744F20040C5F60200006800F00061D8
:1096C0000020B0EBD16F0CD0FFE7FBF769FA0299ED
:1096D000401A032804D3FFE703208DF81700A8E001
:1096E000E7E7FFE744F22841C5F60201086820F4E5
:1096F0007C30049A126840EA023008600499486895
:10970000D1F808C0CB680A6901386FF35F204FF6C3
:109710000061CFF6FF7101EB4C2189B208440021B2
:10972000CFF6FF7101EB034101F4FE0108444FF055
:109730007F4101EB026101F0FE41084444F23841EF
:10974000C5F602010860FFE744F22C41C5F60201AC
:109750000091086820F0C000049A52691043086024
:10976000086820F02000049A926910430860086895
:1097700020F01000086044F23C42C5F60202106876
:109780004FF6F8739843049BDB6940EAC30010600E
:10979000086840F010000860039848B9FFE744F2F9
:1097A0002C41C5F60201086840F40020086016E06C
:1097B0000398012809D1FFE744F22C41C5F60201C4
:1097C000086840F48010086008E044F22C41C5F6B7
:1097D0000201086840F400100860FFE7FFE744F268
:1097E0000041C5F60201086840F080600860FBF7A0
:1097F000D7F90290FFE744F20040C5F60200006886
:1098000000F000610020B0EBD16F0CD1FFE7FBF757
:10981000C7F90299401A032804D3FFE703208DF803
:10982000170006E0E7E7FFE79DF807008DF817004F
:10983000FFE79DF8170006B080BD000000000000A3
:1098400080B586B00490039100208DF8070044F2A3
:109850002840C5F60200006800F00300032804D188
:10986000FFE701208DF81700CBE044F20041C5F678
:109870000201086820F080500860FBF791F902901F
:10988000FFE744F20040C5F60200006800F0005116
:109890000020B0EB517F0CD0FFE7FBF781F9029974
:1098A000401A032804D3FFE703208DF81700A8E02F
:1098B000E7E7FFE744F22841C5F60201086820F017
:1098C0007C70049A126840EA025008600499486863
:1098D000D1F808C0CB680A6901386FF35F204FF6F2
:1098E0000061CFF6FF7101EB4C2189B208440021E1
:1098F000CFF6FF7101EB034101F4FE0108444FF084
:109900007F4101EB026101F0FE41084444F2404115
:10991000C5F602010860FFE744F22C41C5F60201DA
:109920000091086820F44060049A5269104308606E
:10993000086820F40070049A92691043086008686F
:1099400020F48070086044F24442C5F602021068B8
:109950004FF6F8739843049BDB6940EAC30010603C
:10996000086840F480700860039848B9FFE744F243
:109970002C41C5F60201086840F48000086016E03A
:109980000398012809D1FFE744F22C41C5F60201F2
:10999000086840F40000086008E044F22C41C5F675
:1099A0000201086840F080700860FFE7FFE744F2BA
:1099B0000041C5F60201086840F080500860FBF7DE
:1099C000EFF80290FFE744F20040C5F6020000689D
:1099D00000F000510020B0EB517F0CD1FFE7FBF706
:1099E000DFF80299401A032804D3FFE703208DF81B
:1099F000170006E0E7E7FFE79DF807008DF817007E
:109A0000FFE79DF8170006B080BD000000000000D1
:109A100080B540F2AC10C2F20040FDF769FF80BD96
:109A200081B0009000980168086820F0010008608B
:109A300000980168086940F26F329043086100980D
:109A40000168886940F008008861009801688869A9
:109A500040F01000886100980168886820F4404058
:109A6000886000980168886940F04000886100982B
:109A70000168886940F02000886100980168886961
:109A800040F48070886100980168886940F4007033
:109A9000886100980168886940F4006088610099D5
:109AA0000020A1F862000099A1F86A0001B0704797
:109AB00082B00190019800684069009001980168A7
:109AC000886940F00800886101980168886940F061
:109AD0001000886101980168086820F001000860A2
:109AE00001980168086940F26F329043086101985B
:109AF0000168886820F440408860019890F88100EF
:109B0000042815D0FFE79DF80000800600280ED538
:109B1000FFE70199D1F8840040F08000C1F884008B
:109B200001980168886940F020008861FFE7FFE73D
:109B3000019890F88100032815D0FFE79DF80000F8
:109B4000400600280ED5FFE70199D1F8840040F0C7
:109B50000400C1F8840001980168886940F0400061
:109B60008861FFE7FFE79DF80100800700280ED518
:109B7000FFE70199D1F8840040F00100C1F88400AA
:109B800001980168886940F400708861FFE79DF8DA
:109B90000100C00770B1FFE70199D1F8840040F0DF
:109BA0000800C1F8840001980168886940F4807059
:109BB0008861FFE701990020A1F862000199A1F8EE
:109BC0006A0002B07047000080B582B00190019831
:109BD000806B009000990020A1F86A000099A1F81C
:109BE00062000099012081F881000098FDF76CFE69
:109BF00002B080BD0000000080B582B001900198E5
:109C0000806B00900198F8F78FFC022812D0FFE7D4
:109C10000098FFF74DFF0099D1F8840040F0100044
:109C2000C1F884000099012081F881000098FDF7B7
:109C30004BFEFFE702B080BD80B582B00190019875
:109C4000806B00900098FEF70BFC02B080BD000016
:109C500080B582B001900198806B0090009890F8D8
:109C60008100072813D0FFE70098806FC069B0F526
:109C7000807F04D1FFE70098FEF7EEFB06E0009836
:109C80000168086940F008000861FFE7FFE702B0DB
:109C900080BD00000000000083B002900298C16BFC
:109CA000012000EB511001900298C0680130009033
:109CB00000980730C008009000980199484303B00D
:109CC0007047000000000000704700000000000026
:109CD00080B582B0009000980138B0F1807F03D346
:109CE000FFE70120019019E0009801384EF21401BD
:109CF000CEF2000108604FF0FF300F2102F014F89F
:109D00004EF21801CEF20001002008604EF210025F
:109D1000CEF20002072111600190FFE7019802B026
:109D200080BD00000000000080B5FAF741FF80BD53
:109D300080B59EB00BA84C21F6F7BCFB002001902B
:109D40000A9009900890079006900590049003905F
:109D50000220FBF76DF8FFE70020029044F61800A0
:109D6000C5F602000168022262F38F3101600068CB
:109D700000F4404002900298FFE7FFE744F6180025
:109D8000C5F60200006800F40050B0F5005F01D095
:109D9000FFE7F3E701220B924FF480300C90022092
:109DA0001490159004211691282317931892199155
:109DB0001A9008201B9000201C901D900BA8FCF707
:109DC0006FFF18B1FFE7F7F783FBFFE73F20039032
:109DD000032004904FF4006005900020069040207E
:109DE000079008904FF4A06109910A9003A80221FE
:109DF000FCF72EFB18B1FFE7F7F76AFBFFE71EB091
:109E000080BD0000000000004EF68851CEF2000137
:109E1000086840F47000086042F20000C5F20020BB
:109E2000006800F00F0006280AD8FFE742F20001A0
:109E3000C5F200210868072262F303000860FFE70B
:109E400044F20041C5F60201086840F001000860D4
:109E500044F21042C5F602020020106008684EF677
:109E60007F52CEF6F6221040086042F20000C5F2A2
:109E70000020006800F00F0008280AD3FFE742F234
:109E80000001C5F200210868072262F303000860A0
:109E9000FFE744F21841C5F602010020086044F2D1
:109EA0001C41C5F60201086044F22041C5F60201DA
:109EB000086044F22842C5F6020240F20021C0F2D6
:109EC0000221116044F22C42C5F602020021C0F2C8
:109ED000FF11116044F23042C5F6020240F28021C7
:109EE000C0F20111116044F23442C5F60202106062
:109EF00044F23842C5F60202116044F23C42C5F613
:109F00000202106044F24042C5F60202116044F2BF
:109F10004441C5F60201086044F20042C5F602025F
:109F2000116821F48021116044F26041C5F60201FC
:109F3000086044F2D440C5F602000068C00400285E
:109F400014D4FFE744F2D441C5F60201086840F496
:109F50008050086044F20002C5F2002243F2D200B1
:109F60001060086820F480500860FFE77047000028
:109F700082B001900198406E40B9FFE7019901203D
:109F8000A1F86A000199A1F8680032E010208DF86C
:109F900003008DF80200019800688068C0F34260F9
:109FA0008DF80100019800688068400F8DF800006E
:109FB0009DF802009DF800204BF68E73C0F600035A
:109FC000995C48434BF68671C0F600018A5CB0FB91
:109FD000F2F0019AA2F86A009DF803009DF80120B2
:109FE0009B5C5843895CB0FBF1F00199A1F86800D3
:109FF000FFE702B07047000081B00090009890F831
:10A000002800000700280BD5FFE70098006840688B
:10A0100020F40040009A1168926B10434860FFE7FB
:10A02000009890F82800C00758B1FFE70098006832
:10A03000406820F40030009A1168D26A10434860EA
:10A04000FFE7009890F82800800700280BD5FFE76D
:10A0500000980068406820F48030009A1168126B04
:10A0600010434860FFE7009890F828004007002858
:10A070000BD5FFE700980068406820F48020009A24
:10A080001168526B10434860FFE7009890F8280071
:10A09000C00600280BD5FFE700980068806820F410
:10A0A0008050009A1168D26B10438860FFE70098D7
:10A0B00090F82800800600280BD5FFE7009800687C
:10A0C000806820F40050009A1168126C1043886078
:10A0D000FFE7009890F82800400600281CD5FFE70D
:10A0E00000980068406820F48010009A1168526C53
:10A0F000104348600098406CB0F5801F0BD1FFE71B
:10A1000000980068406820F4C000009A1168926CC2
:10A1100010434860FFE7FFE7009890F8280000062A
:10A1200000280BD5FFE700980068406820F4002065
:10A13000009A1168D26C10434860FFE701B0704785
:10A1400080B588B0069006990020C1F89000FAF713
:10A1500027FD0590069800680068000700282FD5A5
:10A16000FFE70698059B6A466FF07E4111604FF449
:10A170000011002201F070F908B3FFE7FFE7FFE7E5
:10A180000698006850E8000F20F080000490FFE778
:10A1900004990698026842E800100028F0D1FFE711
:10A1A000FFE706992020C1F88800FFE70699002004
:10A1B00081F88400FFE703208DF81F005FE0FFE7D0
:10A1C0000698006800684007002842D5FFE7069817
:10A1D000059B6A466FF07E4111604FF480010022BA
:10A1E00001F03AF9A0B3FFE7FFE7FFE70698006840
:10A1F00050E8000F20F490700390FFE70399069851
:10A20000026842E800100028F0D1FFE7FFE7FFE70F
:10A21000FFE70698006850E8020F20F00100029066
:10A22000FFE702990698026842E802100028F0D180
:10A23000FFE7FFE706992020C1F88C00FFE70699A9
:10A24000002081F88400FFE703208DF81F0016E04E
:10A25000FFE706992020C1F888000699C1F88C0014
:10A2600006990020C86606990867FFE7069900204E
:10A2700081F88400FFE700208DF81F00FFE79DF8BC
:10A280001F0008B080BD000080B582B00190019829
:10A29000806B00900098FEF74BFA02B080BD000082
:10A2A00080B584B003900398806B02900298D0F838
:10A2B000880001900298D0F88C0000900298006805
:10A2C00080680006002808D5FFE70198212804D1FE
:10A2D000FFE7029800F0D0FAFFE702980068806874
:10A2E0004006002808D5FFE70098222804D1FFE7A0
:10A2F000029800F04DFAFFE70299D1F8900040F083
:10A300001000C1F890000298FEF712FA04B080BD68
:10A3100080B588B007900798806B06900798C06951
:10A32000B0F5807F5BD0FFE706990020A1F85E00C2
:10A33000FFE7FFE70698006850E8000F20F4807000
:10A340000590FFE705990698026842E8001000288A
:10A35000F0D1FFE7FFE7FFE7FFE70698006850E866
:10A36000020F20F001000490FFE7049906980268AC
:10A3700042E802100028F0D1FFE7FFE7FFE7FFE720
:10A380000698006850E8020F20F040000390FFE7B5
:10A3900003990698026842E802100028F0D1FFE70E
:10A3A000FFE706992020C1F88C000698C06E0128AE
:10A3B00014D1FFE7FFE7FFE70698006850E8000FB9
:10A3C00020F010000290FFE702990698026842E828
:10A3D00000100028F0D1FFE7FFE7FFE7FFE706994D
:10A3E000002008670698C06E012840F0B380FFE7A0
:10A3F00006990020A1F85E00079800681021C4F2B9
:10A400000201884200F08180FFE707980068282158
:10A41000C4F20201884278D0FFE707980068402123
:10A42000C4F20201884270D0FFE707980068582103
:10A43000C4F20201884268D0FFE7079800687021E3
:10A44000C4F20201884260D0FFE7079800688821C3
:10A45000C4F20201884258D0FFE707980068A021A3
:10A46000C4F20201884250D0FFE707980068B82183
:10A47000C4F20201884248D0FFE70798006840F222
:10A480001041C4F2020188423FD0FFE707980068FC
:10A4900040F22841C4F20201884236D0FFE7079813
:10A4A000006840F24041C4F2020188422DD0FFE72B
:10A4B0000798006840F25841C4F20201884224D053
:10A4C000FFE70798006840F27041C4F20201884239
:10A4D0001BD0FFE70798006840F28841C4F20201F0
:10A4E000884212D0FFE70798006840F2A041C4F20A
:10A4F0000201884209D0FFE70798006840F2B8419E
:10A50000C4F20201884205D1FFE70798006840685D
:10A51000009004E00798006840680090FFE700980A
:10A52000ADF80600BDF806000699B1F85C10884247
:10A5300006DAFFE7BDF806000699A1F85E00FFE71E
:10A540000698B0F85C10B0F85E20891A89B2FEF760
:10A550002BF803E00698FEF787FDFFE708B080BD03
:10A5600080B584B003900398806B0290029901201B
:10A5700008670298C06E012840F0B580FFE7029995
:10A58000B1F85C004008A1F85E0003980068102153
:10A59000C4F20201884200F08180FFE7039800685E
:10A5A0002821C4F20201884278D0FFE703980068AE
:10A5B0004021C4F20201884270D0FFE7039800688E
:10A5C0005821C4F20201884268D0FFE7039800686E
:10A5D0007021C4F20201884260D0FFE7039800684E
:10A5E0008821C4F20201884258D0FFE7039800682E
:10A5F000A021C4F20201884250D0FFE7039800680E
:10A60000B821C4F20201884248D0FFE703980068ED
:10A6100040F21041C4F2020188423FD0FFE70398A4
:10A62000006840F22841C4F20201884236D0FFE7B8
:10A630000398006840F24041C4F2020188422DD0E4
:10A64000FFE70398006840F25841C4F202018842D3
:10A6500024D0FFE70398006840F27041C4F2020181
:10A6600088421BD0FFE70398006840F28841C4F29B
:10A670000201884212D0FFE70398006840F2A0412F
:10A68000C4F20201884209D0FFE70398006840F253
:10A69000B841C4F20201884205D1FFE7039800687F
:10A6A0004068009004E00398006840680090FFE76D
:10A6B0000098ADF80600BDF806000299B1F85C10EC
:10A6C000884206DCFFE7BDF806000299A1F85E00AB
:10A6D000FFE70298B0F85C10B0F85E20891A89B2E2
:10A6E000FDF762FF03E00298FEF7C2FCFFE704B04B
:10A6F00080BD00000000000080B584B00390039886
:10A70000806B02900398C069B0F5807F2BD0FFE783
:10A7100002990020A1F85600FFE7FFE702980068C1
:10A7200050E8020F20F080000190FFE701990298A5
:10A73000026842E802100028F0D1FFE7FFE7FFE7D8
:10A74000FFE70298006850E8000F40F040000090DA
:10A75000FFE700990298026842E800100028F0D153
:10A76000FFE7FFE703E00298FEF7B6FDFFE704B05E
:10A7700080BD00000000000080B582B0019001980B
:10A78000806B00900098FEF7BFFD02B080BD000016
:10A7900084B00390FFE7FFE70398006850E8000FDC
:10A7A00020F490700290FFE702990398026842E853
:10A7B00000100028F0D1FFE7FFE7FFE7FFE703986D
:10A7C000006850E8020F4FF6FE71CEF6FF710840A8
:10A7D0000190FFE701990398026842E802100028FF
:10A7E000EDD1FFE7FFE70398C06E012814D1FFE722
:10A7F000FFE7FFE70398006850E8000F20F0100023
:10A800000090FFE700990398026842E800100028D2
:10A81000F0D1FFE7FFE7FFE703992020C1F88C00A4
:10A8200003990020C8660399486704B07047000088
:10A8300080B582B00190FFE7FFE70198006850E81B
:10A84000000F20F040000090FFE700990198026897
:10A8500042E800100028F0D1FFE7FFE7019920202F
:10A86000C1F888000199002088670198FEF734FD3F
:10A8700002B080BD0000000083B00290FFE7FFE758
:10A880000298006850E8000F20F0C0000190FFE738
:10A8900001990298026842E800100028F0D1FFE711
:10A8A000FFE7FFE7FFE70298006850E8020F20F497
:10A8B00000000090FFE700990298026842E8021049
:10A8C0000028F0D1FFE7FFE702992020C1F88800B7
:10A8D00003B070470000000080B59EB01D900020BE
:10A8E0008DF867001D98006840F60041C5F600012C
:10A8F000884201D1FFE700E0FFE71D9988680B69F6
:10A900004A69C9691843104308431C901D980068A0
:10A91000006846F6F311CCF6FF7108401C99084315
:10A920001D99096808601D980068406820F440502F
:10A930001D9A1168D268104348601D9880691C9068
:10A940001D98006840F60041C5F60001884206D017
:10A95000FFE71D98016A1C9808431C90FFE71D98AB
:10A96000006880684FF2FF41C1F2FF1108401C9956
:10A9700008431D99096888601D980068C06A20F026
:10A980000F001D9A1168526A1043C862FFE71D98B4
:10A99000006841F20001C4F20101884240F04180A8
:10A9A000FFE744F25440C5F60200006800F03800AA
:10A9B0000146109128282FD81099DFE801F0152DB5
:10A9C0002D2D2D2D2D2D192D2D2D2D2D2D2D1D2DDB
:10A9D0002D2D2D2D2D2D212D2D2D2D2D2D2D252DBB
:10A9E0002D2D2D2D2D2D290001208DF86D0017E026
:10A9F00004208DF86D0013E008208DF86D000FE045
:10AA000010208DF86D000BE020208DF86D0007E020
:10AA100040208DF86D0003E080208DF86D00FFE789
:10AA20006CE21D98006844F20041C4F200018842C3
:10AA30002ED1FFE744F25440C5F60200006800F052
:10AA4000070001460F9105281DD80F99DFE801F096
:10AA500003070B0F131700208DF86D0017E004207B
:10AA60008DF86D0013E008208DF86D000FE01020C8
:10AA70008DF86D000BE020208DF86D0007E0402080
:10AA80008DF86D0003E080208DF86D00FFE734E263
:10AA90001D98006844F60001C4F2000188422ED1DE
:10AAA000FFE744F25440C5F60200006800F00700DA
:10AAB00001460E9105281DD80E99DFE801F0030725
:10AAC0000B0F131700208DF86D0017E004208DF890
:10AAD0006D0013E008208DF86D000FE010208DF858
:10AAE0006D000BE020208DF86D0007E040208DF810
:10AAF0006D0003E080208DF86D00FFE7FCE11D98FC
:10AB0000006844F60041C4F2000188422ED1FFE7FC
:10AB100044F25440C5F60200006800F00700014608
:10AB20000D9105281DD80D99DFE801F003070B0FE3
:10AB3000131700208DF86D0017E004208DF86D00CC
:10AB400013E008208DF86D000FE010208DF86D00E7
:10AB50000BE020208DF86D0007E040208DF86D009F
:10AB600003E080208DF86D00FFE7C4E11D980068C8
:10AB700045F20001C4F2000188422ED1FFE744F201
:10AB80005440C5F60200006800F0070001460C9131
:10AB900005281DD80C99DFE801F003070B0F1317E8
:10ABA00000208DF86D0017E004208DF86D0013E093
:10ABB00008208DF86D000FE010208DF86D000BE07F
:10ABC00020208DF86D0007E040208DF86D0003E037
:10ABD00080208DF86D00FFE78CE11D98006841F240
:10ABE0000041C4F20101884240F04180FFE744F295
:10ABF0005440C5F60200006800F0380001460B9191
:10AC000028282FD80B99DFE801F0152D2D2D2D2D9B
:10AC10002D2D192D2D2D2D2D2D2D1D2D2D2D2D2D88
:10AC20002D2D212D2D2D2D2D2D2D252D2D2D2D2D68
:10AC30002D2D290001208DF86D0017E004208DF8DE
:10AC40006D0013E008208DF86D000FE010208DF8E6
:10AC50006D000BE020208DF86D0007E040208DF89E
:10AC60006D0003E080208DF86D00FFE741E11D9845
:10AC7000006847F60001C4F2000188422ED1FFE7C8
:10AC800044F25440C5F60200006800F00700014697
:10AC90000A9105281DD80A99DFE801F003070B0F78
:10ACA000131700208DF86D0017E004208DF86D005B
:10ACB00013E008208DF86D000FE010208DF86D0076
:10ACC0000BE020208DF86D0007E040208DF86D002E
:10ACD00003E080208DF86D00FFE709E11D98006812
:10ACE00047F60041C4F2000188422ED1FFE744F24A
:10ACF0005440C5F60200006800F0070001460991C3
:10AD000005281DD80999DFE801F003070B0F131779
:10AD100000208DF86D0017E004208DF86D0013E021
:10AD200008208DF86D000FE010208DF86D000BE00D
:10AD300020208DF86D0007E040208DF86D0003E0C5
:10AD400080208DF86D00FFE7D1E01D98006841F686
:10AD50000001C4F20101884240F04180FFE744F263
:10AD60005440C5F60200006800F038000146089122
:10AD700028282FD80899DFE801F0152D2D2D2D2D2D
:10AD80002D2D192D2D2D2D2D2D2D1D2D2D2D2D2D17
:10AD90002D2D212D2D2D2D2D2D2D252D2D2D2D2DF7
:10ADA0002D2D290001208DF86D0017E004208DF86D
:10ADB0006D0013E008208DF86D000FE010208DF875
:10ADC0006D000BE020208DF86D0007E040208DF82D
:10ADD0006D0003E080208DF86D00FFE786E01D9890
:10ADE000006841F60041C4F20101884240F0418010
:10ADF000FFE744F25440C5F60200006800F0380056
:10AE00000146079128282FD80799DFE801F0152D72
:10AE10002D2D2D2D2D2D192D2D2D2D2D2D2D1D2D86
:10AE20002D2D2D2D2D2D212D2D2D2D2D2D2D252D66
:10AE30002D2D2D2D2D2D290001208DF86D0017E0D1
:10AE400004208DF86D0013E008208DF86D000FE0F0
:10AE500010208DF86D000BE020208DF86D0007E0CC
:10AE600040208DF86D0003E080208DF86D00FFE735
:10AE70003BE01D98006840F60041C5F6000188429D
:10AE80002ED1FFE744F25840C5F60200006800F0FA
:10AE900007000146069105281DD80699DFE801F054
:10AEA00003070B0F131702208DF86D0017E0042025
:10AEB0008DF86D0013E008208DF86D000FE0102074
:10AEC0008DF86D000BE020208DF86D0007E040202C
:10AED0008DF86D0003E080208DF86D00FFE703E042
:10AEE00080208DF86D00FFE7FFE7FFE7FFE7FFE752
:10AEF000FFE7FFE7FFE7FFE7FFE7FFE7FFE71D9853
:10AF0000006840F60041C5F60001884240F0B48078
:10AF1000FFE79DF86D0001460591022814D0FFE778
:10AF20000598042814D0FFE70598082816D0FFE7F5
:10AF30000598102818D0FFE70598202835D0FFE79E
:10AF40000598402837D03AE0F9F7C6FF11903CE069
:10AF500015A8F9F7D5FF1698119036E012A8FAF760
:10AF600027F91398119030E044F20040C5F6020032
:10AF7000006800F020010020B0EB511F0ED0FFE769
:10AF800044F20040C5F602000068C0F3C10149F276
:10AF90000000C0F2D030C840119005E049F2000036
:10AFA000C0F2D0301190FFE70FE040F60010C0F281
:10AFB0003D00119009E04FF40040119005E00020A1
:10AFC000119001208DF86700FFE71198002852D0FA
:10AFD000FFE711981D994A6A4BF69671C0F6000179
:10AFE00031F81210B0FBF1F0189018981D994968CB
:10AFF00001EB4101884207D3FFE718981D99496882
:10B00000B0EB013F04D9FFE701208DF8670031E084
:10B0100011981D994A6803924A6A4BF69671C0F6D8
:10B02000000131F81220002304931946F5F7C2F904
:10B03000039A049B090241EA1061000210EB5200DE
:10B0400041F10001F5F7B6F91A901A98B0F5407F72
:10B050000BD3FFE71A990020B0EB115F05D1FFE792
:10B060001A981D990968C86003E001208DF86700EF
:10B07000FFE7FFE7FFE746E11D98C069B0F5004F25
:10B0800040F0A880FFE79DF86D000146029140283E
:10B0900000F263800299DFE801F0212560602960F9
:10B0A00060602F60606060606060356060606060FC
:10B0B000606060606060606060605660606060609A
:10B0C0006060606060606060606060606060606080
:10B0D000606060606060606060605C00FBF730FC36
:10B0E000119040E0FBF740FC11903CE015A8F9F707
:10B0F00007FF1698119036E012A8FAF759F813983E
:10B10000119030E044F20040C5F60200006800F003
:10B1100020010020B0EB511F0ED0FFE744F20040A9
:10B12000C5F602000068C0F3C10149F20000C0F298
:10B13000D030C840119005E049F20000C0F2D03094
:10B140001190FFE70FE040F60010C0F23D001190B3
:10B1500009E04FF40040119005E00020119001201B
:10B160008DF86700FFE7119898B3FFE711981D9AD3
:10B170005168536A4BF69672C0F6000232F81320FB
:10B18000B0FBF2F0400000EB5100B0FBF1F01A9080
:10B190001A98102818D3FFE7BDF86A00A0B9FFE796
:10B1A0001A9820F00F00ADF86E001A9800F00E010A
:10B1B000BDF86E0040EA5100ADF86E00BDF86E00BB
:10B1C0001D990968C86003E001208DF86700FFE75A
:10B1D000FFE797E09DF86D0001460191402800F2DD
:10B1E00063800199DFE801F02125606029606060DB
:10B1F0002F606060606060603560606060606060AB
:10B200006060606060606060566060606060606048
:10B21000606060606060606060606060606060602E
:10B2200060606060606060605C00FBF789FB1190AB
:10B2300040E0FBF799FB11903CE015A8F9F760FEA0
:10B240001698119036E012A8F9F7B2FF13981190F2
:10B2500030E044F20040C5F60200006800F0200132
:10B260000020B0EB511F0ED0FFE744F20040C5F6BE
:10B2700002000068C0F3C10149F20000C0F2D03002
:10B28000C840119005E049F20000C0F2D0301190A2
:10B29000FFE70FE040F60010C0F23D00119009E01A
:10B2A0004FF40040119005E00020119001208DF82E
:10B2B0006700FFE7119820B3FFE711981D9A5168C6
:10B2C000536A4BF69672C0F6000232F81320B0FBB8
:10B2D000F2F000EB5100B0FBF1F01A901A98102830
:10B2E0000AD3FFE7BDF86A0030B9FFE7BDF8680090
:10B2F0001D990968C86003E001208DF86700FFE729
:10B30000FFE7FFE7FFE71D990120A1F86A001D99FB
:10B31000A1F868001D99002048671D9988679DF86D
:10B3200067001EB080BD000080B588B00690059112
:10B33000ADF81220059806998865BDF812000699A7
:10B34000A1F85C0006990020C1F89000069922201F
:10B35000C1F88C000698D0F88000B0B3FFE70698DB
:10B36000D0F880104AF21130C0F60000C863069889
:10B37000D0F880104AF26150C0F6000008640698C8
:10B38000D0F880104AF2A120C0F60000C8640698E8
:10B39000D0F880100020086506980168826DD0F80A
:10B3A00080002431BDF81230F8F75AFE60B1FFE793
:10B3B00006991020C1F8900006992020C1F88C0051
:10B3C00001208DF81F0042E0FFE706980069A0B158
:10B3D000FFE7FFE7FFE70698006850E8000F40F43A
:10B3E00080700390FFE703990698026842E8001016
:10B3F0000028F0D1FFE7FFE7FFE7FFE7FFE7069848
:10B40000006850E8020F40F001000290FFE7029947
:10B410000698026842E802100028F0D1FFE7FFE733
:10B42000FFE7FFE70698006850E8020F40F0400091
:10B430000190FFE701990698026842E8021000288F
:10B44000F0D1FFE7FFE700208DF81F00FFE79DF830
:10B450001F0008B080BD000080B586B0DDF820C0B8
:10B46000049003918DF80B200193FFE70498006886
:10B47000C06903990840401AB0FA80F040099DF86D
:10B480000B10884266D1FFE708980130002860D091
:10B49000FFE7F9F785FB0199401A0899884203D81C
:10B4A000FFE7089820B9FFE703208DF8170055E063
:10B4B0000498006800684007002849D5FFE7039812
:10B4C000802845D0FFE70398402841D0FFE7049843
:10B4D0000068C06900F008010120B0EBD10F16D15F
:10B4E000FFE7049801680820009008620498FFF7BD
:10B4F0004FF900980499C1F89000FFE704990020E3
:10B5000081F88400FFE701208DF8170026E00498F9
:10B510000068C06900F400610120B0EBD12F16D1A2
:10B52000FFE7049801684FF4006008620498FFF791
:10B530002FF904992020C1F89000FFE7049900201A
:10B5400081F88400FFE703208DF8170006E0FFE78D
:10B55000FFE78BE700208DF81700FFE79DF8170045
:10B5600006B080BD0000000080B540F2C820C2F2E5
:10B570000040FDF7E1F880BD80B540F23420C2F212
:10B580000040FDF7D9F880BDFFE7FEE700000000AE
:10B5900083B002908DF8071000929DF80700029981
:10B5A0000870BDF80200029948700098000A0299DC
:10B5B000887000980299C87003B0704700000000BE
:10B5C00080B584B0029006208DF80700029820B163
:10B5D000FFE70298006820B9FFE700208DF80F0010
:10B5E0002EE002980068F5F727F802980DF10701A0
:10B5F0000DF10602012300F057FA8DF804000298BD
:10B600000068F5F701F89DF804100020C9070090C4
:10B6100081B1FFE702980DF1050100F00DFA014636
:10B620000020009031B1FFE79DF80500C0F3400015
:10B630000090FFE7009800F001008DF80F00FFE791
:10B640009DF80F0004B080BD80B588B006900591CC
:10B6500006980599012200F0A7F860B1FFE7069867
:10B660004FF47A7100F0B0FA28B1FFE70698FFF7BF
:10B67000A7FF20B9FFE700208DF81F002EE00598F6
:10B6800040F6FF7188430590059A04A80090202198
:10B69000FFF77EFF06980068F4F7CEFF0099069842
:10B6A00003AA042300F000FA8DF80B000698006846
:10B6B000F4F7AAFF9DF80B100020C907019039B1DB
:10B6C000FFE706984FF47A7100F07EFA0190FFE7E9
:10B6D000019800F001008DF81F00FFE79DF81F00A2
:10B6E00008B080BD0000000080B584B002900191D8
:10B6F000029840B1FFE7019828B1FFE70198807AEE
:10B70000C00720B9FFE700208DF80F0046E0019840
:10B7100002990860029900204860029988600299A5
:10B720000873029948730520F9F71EF802986946D4
:10B7300000F03EF920B9FFE700208DF80F002DE062
:10B74000009802994860009844F21701C0F2EF0196
:10B75000884208D1FFE702990120087302994FF44B
:10B760000000886014E0009844F21801C0F2EF0174
:10B77000884208D1FFE702990220087302994FF02E
:10B780008070886003E000208DF80F0006E0FFE77E
:10B790000299012048738DF80F00FFE79DF80F0014
:10B7A00004B080BD0000000084B0029001910092BE
:10B7B000029870B1FFE70298407BC00748B1FFE7ED
:10B7C000009830B1FFE7019802998968884204D354
:10B7D000FFE700208DF80F000BE0009902988068C9
:10B7E000019A821A0020914298BF01208DF80F0023
:10B7F000FFE79DF80F0004B0704700000000000054
:10B8000080B5C8B0469045914492ADF80E31449849
:10B8100098B1FFE7BDF80E0178B1FFE7BDF80E0162
:10B82000B0F5807F09D8FFE79DF81401BDF80E112F
:10B830000844B0F5807F04D9FFE700208DF81F0190
:10B840003DE046980A2100F0BFF928B1FFE746988D
:10B85000FFF7B6FE20B9FFE700208DF81F012EE0AC
:10B86000459A0DF5857001900221FFF791FE4698EB
:10B870000068F4F7E1FE019946980DF10A020423ED
:10B8800000F012F98DF809009DF80900C00758B1C1
:10B89000FFE746984499BDF80E310DF10A0200F019
:10B8A00003F98DF80900FFE746980068F4F7ACFE4D
:10B8B0009DF8090000F001008DF81F01FFE79DF8D9
:10B8C0001F0148B080BD000080B5CCB04A904991BE
:10B8D00048924793489838B1FFE74A984999479A60
:10B8E000FFF762FF20B9FFE700208DF82F0158E035
:10B8F000499A46A803900321FFF74AFE05A84FF492
:10B900008071FF22F4F7CEFD4A980068F4F794FEA8
:10B9100003994A9845AA042300F0C6F88DF811004F
:10B92000FFE79DF811100020C907029031B1FFE731
:10B930004798002818BF01200290FFE70298C0072F
:10B9400020B3FFE74798B0F5807F04D9FFE74FF4B5
:10B950008070019003E0BDF81C010190FFE70198A1
:10B96000ADF812004A98489ABDF8123005A900F0C7
:10B970009BF88DF81100BDF81210489808444890C3
:10B98000BDF812104798401A4790CAE74A980068D5
:10B99000F4F73AFE9DF8110000F001008DF82F0138
:10B9A000FFE79DF82F014CB080BD000000000000B3
:10B9B00080B586B0049003919F200290049838B11E
:10B9C000FFE70498006818B1FFE7039820B9FFE784
:10B9D00000208DF8170028E004980068F4F72CFE8A
:10B9E000049802A901AA042300F05EF88DF8030070
:10B9F00004980068F4F708FE9DF80300C00720B91A
:10BA0000FFE700208DF817000FE09DF805009DF876
:10BA100006209DF80710000440EA0220084403991C
:10BA2000086001208DF81700FFE79DF8170006B0A9
:10BA300080BD00000000000080B586B00490039136
:10BA40000520ADF80A00049818B1FFE7039820B963
:10BA5000FFE700208DF8170021E004980068F4F754
:10BA6000EBFD04980DF10A0102AA022300F01CF874
:10BA70008DF8070004980068F4F7C6FD9DF80700EC
:10BA8000C00720B9FFE700208DF8170007E09DF8F8
:10BA900009000399087001208DF81700FFE79DF851
:10BAA000170006B080BD000080B586B004900391F9
:10BAB0000292ADF80630049820B1FFE704980068C0
:10BAC00020B9FFE700208DF8170031E004980068E6
:10BAD0000399029ABDF80630F4F73AFE20B9FFE761
:10BAE00000208DF8170023E0F9F75AF80090FFE7DF
:10BAF00004980068F4F708FE80B9FFE7F9F750F8FA
:10BB00000099401A0A2808D3FFE704980068F4F760
:10BB100057FD00208DF817000AE0E9E70498006857
:10BB2000F4F7A2FDB0FA80F040098DF81700FFE7A6
:10BB30009DF8170006B080BD80B586B00490002047
:10BB40008DF80E000120ADF80C00049880B1FFE7DD
:10BB50000498407BC00758B1FFE70498642100F0C7
:10BB600033F828B1FFE70498FFF72AFD20B9FFE773
:10BB700000208DF8170023E004980068F4F75CFDBE
:10BB8000049803A90DF109020323FFF78DFF8DF837
:10BB9000080004980068F4F737FD9DF808100020AD
:10BBA000C907019031B1FFE70498642100F00CF857
:10BBB0000190FFE7019800F001008DF81700FFE702
:10BBC0009DF8170006B080BD80B586B00490039143
:10BBD000049820B1FFE70498006820B9FFE700202F
:10BBE0008DF8170024E0F8F7DBFF0190FFE70498D9
:10BBF0000DF10B01FFF720FF20B9FFE700208DF8C2
:10BC0000170015E09DF80B00C00720B9FFE70120E1
:10BC10008DF817000CE0FFE7F8F7C2FF0199401A12
:10BC200003998842E3D3FFE700208DF81700FFE770
:10BC30009DF8170006B080BD80B588B006900591CC
:10BC400004920393049838B1FFE706980599039A84
:10BC5000FFF7AAFD20B9FFE700208DF81F003FE0A5
:10BC6000FFE70398C0B3FFE79DF81400C0F58070AC
:10BC7000029003980299884204D2FFE7BDF80C00B5
:10BC8000009003E0BDF808000090FFE70098ADF8D1
:10BC9000060006980599049ABDF80630FFF7B0FD36
:10BCA00030B1FFE706980A21FFF78EFF20B9FFE7C2
:10BCB00000208DF81F0013E0BDF806100598084419
:10BCC0000590BDF80610049808440490BDF80610CD
:10BCD0000398401A0390C4E701208DF81F00FFE786
:10BCE0009DF81F0008B080BD81B0ADF80200BDF91D
:10BCF000020000280ED4FFE7BDF9021001F01F0278
:10BD0000012090404A094EF20011CEF2000141F8A4
:10BD10002200FFE701B070474EF60C50CEF2000053
:10BD20000068C0F30220704782B0ADF806000091B1
:10BD3000BDF9060000280AD4FFE700980001BDF90C
:10BD400006104EF20042CEF2000288540BE000983A
:10BD50000001BDF8061001F00F014EF61452CEF2AC
:10BD600000028854FFE702B07047000000000000A6
:10BD700083B00290029800F0070000904EF60C513C
:10BD8000CEF200010868019001984FF6FF021040C2
:10BD900001900198009A40EA02200022C0F2FA5273
:10BDA000104301900198086003B070470000000044
:10BDB00080B584B040F28000C2F2004000230370DE
:10BDC000684683604360036040F2A400C2F2004012
:10BDD00040F2C821C2F200411A46F4F735FD08B915
:10BDE000FFE761E040F29800C2F2004040F2AC117F
:10BDF000C2F200410022C5F602021023F4F750FC03
:10BE0000002841D0FFE740F27000C2F2004040F24B
:10BE10009801C2F20041FFF767FCA8B3FFE740F2C8
:10BE20007000C2F20040007B02282DD1FFE740F2F3
:10BE30007000C2F20040FFF77FFE28B3FFE740F238
:10BE40007000C2F200400021FFF7FEFBE0B1FFE707
:10BE500040F27000C2F200404BF6AE72C0F6000233
:10BE600000211023FFF7E8FE70B1FFE740F27000F9
:10BE7000C2F2004040F28802C2F2004200211023C8
:10BE8000FFF722FD08B9FFE70EE040F28001C2F2A1
:10BE9000004101200870F8F783FEC83840F28401A1
:10BEA000C2F200410860FFE704B080BD000000005E
:10BEB00080B540F28000C2F200400078C00758B15F
:10BEC000FFE7F8F76DFE40F28401C2F20041096815
:10BED000401AC72801D8FFE720E0F8F761FE40F2DA
:10BEE0008401C2F20041086040F27000C2F20040DA
:10BEF00040F28802C2F2004200211023FFF7E4FC66
:10BF000060B1FFE740F2A400C2F2004040F28801B5
:10BF1000C2F200411022F4F713FDFFE780BD0000DC
:10BF200080B582B000200190FDF7F6F9F8F750FED9
:10BF3000FDF7FEFEFDF744FAFDF71AFAFDF78CFA5D
:10BF4000FDF70AFBFDF7C0FAFFF732FFFFE7FFF747
:10BF5000AFFFFCE7F1EE100A4FF6FF71C0F2C031FF
:10BF600020EA010040F04070E1EE100A7047000046
:10BF70000000010203040102030406070809000689
:10BF80001016000610160804020408010101010140
:10BF90000103070100000100020004000600080080
:10BFA0000A000C0010002000400080000001001179
:10BFB0002233445566778899AABBCCDDEEFF00009A
:10BFC000E0BF000800000024100000000803000883
:10BFD000F0BF0008100000247009000024030008CE
:10BFE0000090D0030090D00301000000100000007A
:04000005080002CD20
:00000001FF
